,NOSE_x,NOSE_y,LEFT_EYE_INNER_x,LEFT_EYE_INNER_y,LEFT_EYE_x,LEFT_EYE_y,LEFT_EYE_OUTER_x,LEFT_EYE_OUTER_y,RIGHT_EYE_INNER_x,RIGHT_EYE_INNER_y,RIGHT_EYE_x,RIGHT_EYE_y,RIGHT_EYE_OUTER_x,RIGHT_EYE_OUTER_y,LEFT_EAR_x,LEFT_EAR_y,RIGHT_EAR_x,RIGHT_EAR_y,MOUTH_LEFT_x,MOUTH_LEFT_y,MOUTH_RIGHT_x,MOUTH_RIGHT_y,LEFT_SHOULDER_x,LEFT_SHOULDER_y,RIGHT_SHOULDER_x,RIGHT_SHOULDER_y,LEFT_ELBOW_x,LEFT_ELBOW_y,RIGHT_ELBOW_x,RIGHT_ELBOW_y,LEFT_WRIST_x,LEFT_WRIST_y,RIGHT_WRIST_x,RIGHT_WRIST_y,LEFT_PINKY_x,LEFT_PINKY_y,RIGHT_PINKY_x,RIGHT_PINKY_y,LEFT_INDEX_x,LEFT_INDEX_y,RIGHT_INDEX_x,RIGHT_INDEX_y,LEFT_THUMB_x,LEFT_THUMB_y,RIGHT_THUMB_x,RIGHT_THUMB_y,LEFT_HIP_x,LEFT_HIP_y,RIGHT_HIP_x,RIGHT_HIP_y,LEFT_KNEE_x,LEFT_KNEE_y,RIGHT_KNEE_x,RIGHT_KNEE_y,LEFT_ANKLE_x,LEFT_ANKLE_y,RIGHT_ANKLE_x,RIGHT_ANKLE_y,LEFT_HEEL_x,LEFT_HEEL_y,RIGHT_HEEL_x,RIGHT_HEEL_y,LEFT_FOOT_INDEX_x,LEFT_FOOT_INDEX_y,RIGHT_FOOT_INDEX_x,RIGHT_FOOT_INDEX_y
51,0.5284267663955688,0.20205087959766388,0.5425202250480652,0.1913009136915207,0.5515099167823792,0.1921720653772354,0.5603744983673096,0.19309930503368378,0.5138557553291321,0.19042357802391052,0.502818763256073,0.19085460901260376,0.493400514125824,0.19152787327766418,0.5739156603813171,0.20166681706905365,0.48072096705436707,0.20161648094654083,0.5443970561027527,0.21836872398853302,0.5096559524536133,0.2189044952392578,0.644589900970459,0.2813645005226135,0.40292075276374817,0.28569266200065613,0.6917508244514465,0.3843505084514618,0.3390616774559021,0.38128897547721863,0.5513954162597656,0.3826189339160919,0.45172548294067383,0.37767305970191956,0.5122750997543335,0.3847564160823822,0.48609912395477295,0.3829505741596222,0.5071423649787903,0.3649885058403015,0.4919414818286896,0.36183401942253113,0.5154761672019958,0.36131688952445984,0.48392271995544434,0.3574640452861786,0.5838505625724792,0.47709110379219055,0.4350866675376892,0.47376030683517456,0.6219056844711304,0.6197957992553711,0.3751946687698364,0.6111000776290894,0.6527464389801025,0.7430225610733032,0.34734755754470825,0.7356942296028137,0.6394532918930054,0.7580650448799133,0.3635980188846588,0.7521731853485107,0.698735773563385,0.7931398749351501,0.275283545255661,0.7796717286109924
52,0.5291475653648376,0.20120517909526825,0.5432014465332031,0.19042105972766876,0.5522419810295105,0.19134005904197693,0.5610985159873962,0.19237662851810455,0.5145447254180908,0.18952764570713043,0.5034263134002686,0.18999090790748596,0.49398916959762573,0.1907799243927002,0.5747997760772705,0.20149992406368256,0.48089462518692017,0.201433002948761,0.5452753901481628,0.218078151345253,0.509985625743866,0.21851679682731628,0.6451689004898071,0.2817184329032898,0.4029825031757355,0.2867233157157898,0.6974435448646545,0.3841601312160492,0.3382219672203064,0.38114699721336365,0.5539312362670898,0.38604050874710083,0.4514623284339905,0.3833986222743988,0.5167157649993896,0.39158013463020325,0.48603639006614685,0.3927259147167206,0.5108293294906616,0.3736381232738495,0.49353688955307007,0.37331944704055786,0.5178974270820618,0.36839598417282104,0.48415854573249817,0.3673754334449768,0.5859851241111755,0.4784056842327118,0.4374102056026459,0.4746857285499573,0.6219920516014099,0.6207553744316101,0.3746386468410492,0.6123073697090149,0.6523603796958923,0.7430670261383057,0.3479348421096802,0.7357719540596008,0.638684093952179,0.7584468722343445,0.3637852966785431,0.7523825764656067,0.6987053155899048,0.7935377359390259,0.275560200214386,0.7801551222801208
53,0.5315626263618469,0.20145726203918457,0.5451797842979431,0.19102703034877777,0.5542028546333313,0.1919681280851364,0.5626932978630066,0.19300822913646698,0.516922116279602,0.1900414377450943,0.5057268142700195,0.19052927196025848,0.4959565997123718,0.1912878453731537,0.5760349035263062,0.20203463733196259,0.4817062318325043,0.2020503133535385,0.5471616983413696,0.21857017278671265,0.5118764042854309,0.21904896199703217,0.6465328931808472,0.28230297565460205,0.403088241815567,0.2873190939426422,0.698483407497406,0.3841894865036011,0.3382725119590759,0.3811279535293579,0.5578263998031616,0.392770379781723,0.4512033462524414,0.3903980851173401,0.5233884453773499,0.3993954658508301,0.4859364926815033,0.39860570430755615,0.5177994966506958,0.38219764828681946,0.49356111884117126,0.3798309564590454,0.5234798789024353,0.3777272403240204,0.4840013384819031,0.3747693598270416,0.5879060626029968,0.4775955080986023,0.4390482008457184,0.47338852286338806,0.6222899556159973,0.6193225979804993,0.3772229850292206,0.6084067225456238,0.6522800326347351,0.7427842020988464,0.34849587082862854,0.7349928617477417,0.6386172771453857,0.7583386898040771,0.36377227306365967,0.7519566416740417,0.6983804106712341,0.7932319045066833,0.27723681926727295,0.7801786661148071
54,0.5332536697387695,0.2015269249677658,0.5467343330383301,0.1912093460559845,0.5557891130447388,0.19213882088661194,0.5640215873718262,0.1931740641593933,0.518626868724823,0.19025158882141113,0.5072703957557678,0.19073574244976044,0.4972251057624817,0.191476970911026,0.5770435929298401,0.20215864479541779,0.482199490070343,0.20206575095653534,0.5484264492988586,0.21856634318828583,0.5131002068519592,0.21905067563056946,0.6473820209503174,0.2824849784374237,0.40314438939094543,0.28748708963394165,0.6988824009895325,0.3835184872150421,0.3386188745498657,0.38206908106803894,0.5598899722099304,0.3970060646533966,0.4512512683868408,0.39338281750679016,0.5270171761512756,0.4045296907424927,0.4858962893486023,0.4010886251926422,0.5212854743003845,0.3868171274662018,0.49361374974250793,0.38258570432662964,0.5262906551361084,0.3829713463783264,0.4839780330657959,0.3779793679714203,0.5891028046607971,0.4756263792514801,0.43996530771255493,0.47239503264427185,0.6223832964897156,0.6162896752357483,0.3783590793609619,0.6086623072624207,0.6525025963783264,0.7426308393478394,0.3504807949066162,0.7343106865882874,0.638881504535675,0.7583463788032532,0.3651767373085022,0.7516056299209595,0.6986392736434937,0.7932533025741577,0.27884623408317566,0.780223548412323
55,0.5338241457939148,0.20263920724391937,0.5472452044487,0.19245752692222595,0.556279718875885,0.19331909716129303,0.5645034313201904,0.19428196549415588,0.5193321704864502,0.19160661101341248,0.5080154538154602,0.19210411608219147,0.4978913366794586,0.19280515611171722,0.5775657892227173,0.20294146239757538,0.48267731070518494,0.20292071998119354,0.5486893057823181,0.21946404874324799,0.5136762857437134,0.21984022855758667,0.6476271152496338,0.28268566727638245,0.40356799960136414,0.28789228200912476,0.6991671323776245,0.3830938935279846,0.33910155296325684,0.3824306130409241,0.5713636875152588,0.39772316813468933,0.4533787965774536,0.3956355154514313,0.5382885932922363,0.4055992364883423,0.4887816309928894,0.40273934602737427,0.53215092420578,0.38852459192276,0.49869126081466675,0.3850961923599243,0.5363548398017883,0.3845463991165161,0.4888375699520111,0.3809146583080292,0.5897182822227478,0.47536927461624146,0.4408327043056488,0.472727507352829,0.6227220892906189,0.615454912185669,0.37885189056396484,0.6094331741333008,0.6525266766548157,0.7422056794166565,0.3510150909423828,0.7344146966934204,0.6388530135154724,0.7582318782806396,0.3663439452648163,0.75198894739151,0.6986321806907654,0.7932798862457275,0.27870264649391174,0.7805629372596741
56,0.5340670943260193,0.20347706973552704,0.5475603938102722,0.19348523020744324,0.5565387606620789,0.19420917332172394,0.5647813677787781,0.19507358968257904,0.5195625424385071,0.19279581308364868,0.5083206295967102,0.19325008988380432,0.4982779622077942,0.1938958317041397,0.5781033635139465,0.20346762239933014,0.4832351803779602,0.20359496772289276,0.5490684509277344,0.2200516164302826,0.5141210556030273,0.22050409018993378,0.6483888030052185,0.28274470567703247,0.40383127331733704,0.28813397884368896,0.6993435621261597,0.3829227387905121,0.3396355211734772,0.38314539194107056,0.5719464421272278,0.398762971162796,0.45464202761650085,0.3962787389755249,0.540730893611908,0.4060050845146179,0.49054813385009766,0.4025539755821228,0.5349400639533997,0.38915202021598816,0.5000028014183044,0.3852734863758087,0.5389009714126587,0.38535892963409424,0.48984494805336,0.3813992440700531,0.5903334617614746,0.4749963879585266,0.44172966480255127,0.4721510112285614,0.6230977177619934,0.6145151257514954,0.38105523586273193,0.6095333695411682,0.6525442600250244,0.7420856356620789,0.3512238562107086,0.7346150279045105,0.6388621926307678,0.7582046985626221,0.3668041229248047,0.7526940107345581,0.6986478567123413,0.7932835221290588,0.2786600887775421,0.7805697321891785
57,0.5343834161758423,0.20411698520183563,0.5479797124862671,0.19411467015743256,0.556969404220581,0.19471010565757751,0.5652047395706177,0.19545644521713257,0.519623339176178,0.1935347467660904,0.5083849430084229,0.19392749667167664,0.49841704964637756,0.19451771676540375,0.578536331653595,0.20348255336284637,0.4835854470729828,0.2039647251367569,0.5494832992553711,0.2204270213842392,0.514470636844635,0.2210422307252884,0.6490095257759094,0.2832363545894623,0.40445300936698914,0.2885414659976959,0.6989794969558716,0.38362348079681396,0.34017837047576904,0.3834417462348938,0.5696694850921631,0.4003254771232605,0.45594167709350586,0.3965020775794983,0.539521336555481,0.40705013275146484,0.49101364612579346,0.40286222100257874,0.5343210697174072,0.39017730951309204,0.5004281997680664,0.3854764997959137,0.5385059118270874,0.38682883977890015,0.4903334379196167,0.381867915391922,0.5912168622016907,0.47456127405166626,0.44261452555656433,0.4708808958530426,0.6234365105628967,0.6141292452812195,0.38261982798576355,0.6078790426254272,0.652728796005249,0.7420066595077515,0.35221704840660095,0.7346352338790894,0.6389042735099792,0.7581920027732849,0.36722856760025024,0.7526901364326477,0.6987447738647461,0.7933781743049622,0.27913007140159607,0.7806270718574524
58,0.5347834229469299,0.20441880822181702,0.5484164357185364,0.19456638395786285,0.5574180483818054,0.19513627886772156,0.565629780292511,0.19587263464927673,0.5199917554855347,0.19400249421596527,0.5087299942970276,0.19437678158283234,0.4988003671169281,0.19495414197444916,0.5790465474128723,0.20382745563983917,0.4842589795589447,0.20431992411613464,0.5497931838035583,0.2206277698278427,0.5147377848625183,0.22129973769187927,0.6494057774543762,0.28310415148735046,0.40549930930137634,0.28873154520988464,0.6988717913627625,0.3827947676181793,0.3404124081134796,0.3830241560935974,0.5679782032966614,0.40050312876701355,0.45757344365119934,0.39607077836990356,0.5375614166259766,0.4063485562801361,0.49348539113998413,0.40190550684928894,0.5329585075378418,0.389042466878891,0.5016720294952393,0.3842868506908417,0.5374444723129272,0.38581493496894836,0.4910924732685089,0.3808470368385315,0.5917369723320007,0.474409282207489,0.44329798221588135,0.46986210346221924,0.6242207884788513,0.6135097146034241,0.3836613893508911,0.6062498688697815,0.653333842754364,0.7418529391288757,0.35230016708374023,0.7345605492591858,0.6390495300292969,0.7581813931465149,0.3674825131893158,0.7526527643203735,0.6987941265106201,0.7933574318885803,0.27921032905578613,0.7806904911994934
59,0.5357860326766968,0.20486757159233093,0.5494540929794312,0.19501176476478577,0.5584321022033691,0.19559261202812195,0.5664528012275696,0.19634348154067993,0.5211827158927917,0.19438029825687408,0.5097890496253967,0.19471518695354462,0.4996815323829651,0.19526906311511993,0.5796403288841248,0.20421576499938965,0.4850482940673828,0.20451179146766663,0.5503305792808533,0.22110766172409058,0.5154374837875366,0.22166818380355835,0.6494078636169434,0.28333720564842224,0.4060913026332855,0.2888791263103485,0.6995145678520203,0.3832835853099823,0.3409760892391205,0.3833411931991577,0.5714420080184937,0.40043556690216064,0.457660049200058,0.39590728282928467,0.5412080883979797,0.4053437113761902,0.49326449632644653,0.4010225832462311,0.5369424223899841,0.3882676959037781,0.5019906163215637,0.3834626376628876,0.5413445830345154,0.385504812002182,0.4917181432247162,0.38036948442459106,0.5917522311210632,0.4745126962661743,0.4431666433811188,0.470242440700531,0.6254867911338806,0.6138895750045776,0.3835274577140808,0.606347382068634,0.6534042358398438,0.7419096827507019,0.35278767347335815,0.7348714470863342,0.6390732526779175,0.758330225944519,0.3682056665420532,0.7531193494796753,0.6993646025657654,0.7934202551841736,0.27920830249786377,0.7809613943099976
60,0.5373685956001282,0.20524951815605164,0.5506173372268677,0.1953434944152832,0.5595811009407043,0.1959267556667328,0.5673828721046448,0.1966797411441803,0.5229064226150513,0.19469544291496277,0.5115484595298767,0.19501882791519165,0.5011569261550903,0.19557255506515503,0.5804099440574646,0.20454874634742737,0.4860752820968628,0.2047782838344574,0.5514295101165771,0.22147418558597565,0.5171089768409729,0.2219504565000534,0.6494145393371582,0.2837022840976715,0.40660738945007324,0.2889007031917572,0.7001354098320007,0.38389959931373596,0.34110409021377563,0.38344231247901917,0.5726677179336548,0.39677736163139343,0.45768752694129944,0.39376217126846313,0.5404475331306458,0.39963915944099426,0.4930553734302521,0.39955267310142517,0.5357435941696167,0.3832603394985199,0.5019787549972534,0.38142839074134827,0.5410913228988647,0.3800431489944458,0.49186062812805176,0.3776295483112335,0.592086911201477,0.47399410605430603,0.44301849603652954,0.46988600492477417,0.6268308162689209,0.6142170429229736,0.38329505920410156,0.6068950891494751,0.6537806391716003,0.7423669695854187,0.3532932698726654,0.7348843216896057,0.639594316482544,0.7589113712310791,0.3691236674785614,0.7531346678733826,0.7006558179855347,0.7939939498901367,0.2798865735530853,0.7811613082885742
61,0.5380919575691223,0.20552745461463928,0.5513349175453186,0.19558557868003845,0.5602242350578308,0.19618003070354462,0.5679441690444946,0.1969394087791443,0.5237138271331787,0.19492456316947937,0.5122786164283752,0.19525529444217682,0.5019291043281555,0.1958109736442566,0.5808764696121216,0.20482181012630463,0.48685207962989807,0.20498986542224884,0.5519934892654419,0.22177991271018982,0.5176979899406433,0.22223138809204102,0.6495035886764526,0.28400903940200806,0.4067937731742859,0.2891024947166443,0.7004857659339905,0.3842940330505371,0.34130859375,0.3836636543273926,0.5721409916877747,0.39439594745635986,0.45944976806640625,0.3905884027481079,0.5394577383995056,0.39466628432273865,0.4968397915363312,0.3931523263454437,0.5348997712135315,0.3774842321872711,0.503369927406311,0.3742673099040985,0.5406600832939148,0.37464869022369385,0.4931425452232361,0.37117359042167664,0.5924313068389893,0.4729052782058716,0.4429115056991577,0.4691453278064728,0.627830982208252,0.6154090762138367,0.3828805387020111,0.6073644161224365,0.6546172499656677,0.7436953186988831,0.3539047837257385,0.7349913716316223,0.6406784653663635,0.7606552243232727,0.36949068307876587,0.7531194090843201,0.7018688917160034,0.7945743203163147,0.2806535065174103,0.7812464833259583
62,0.5390665531158447,0.20566417276859283,0.5526188611984253,0.19575335085391998,0.5614656209945679,0.19633951783180237,0.5689814686775208,0.19709134101867676,0.5249148607254028,0.19510623812675476,0.5133640766143799,0.19543972611427307,0.5028361082077026,0.19599667191505432,0.5819289088249207,0.2049647867679596,0.4875291585922241,0.20513325929641724,0.5526720285415649,0.22195152938365936,0.5182849764823914,0.22244122624397278,0.6496841907501221,0.28405579924583435,0.4070764183998108,0.28924593329429626,0.7012531161308289,0.3845657408237457,0.34198275208473206,0.38404861092567444,0.5754427909851074,0.3914509117603302,0.46092331409454346,0.3866010308265686,0.5418545007705688,0.3901847302913666,0.4989243149757385,0.3874036371707916,0.5379325151443481,0.3718302547931671,0.5045364499092102,0.36820104718208313,0.5444352626800537,0.36943987011909485,0.4943629503250122,0.3654594421386719,0.5927051901817322,0.4732544720172882,0.4430256187915802,0.46952489018440247,0.6285101771354675,0.6165552139282227,0.3827076256275177,0.6083800792694092,0.6550701260566711,0.7438904047012329,0.3541036546230316,0.7349973917007446,0.6411258578300476,0.7606745958328247,0.3696395456790924,0.7529428005218506,0.7019861340522766,0.7950258255004883,0.2817141115665436,0.7816091775894165
63,0.5394208431243896,0.2063673436641693,0.5530438423156738,0.19600890576839447,0.5619494318962097,0.19662703573703766,0.5694520473480225,0.19744034111499786,0.5252124071121216,0.19526442885398865,0.513620913028717,0.19554658234119415,0.5031260251998901,0.19606609642505646,0.5822428464889526,0.20550590753555298,0.4877168536186218,0.2052517533302307,0.5529289245605469,0.22246208786964417,0.5186337232589722,0.22248287498950958,0.6496530771255493,0.28474557399749756,0.40707823634147644,0.28931763768196106,0.7014999985694885,0.3846493363380432,0.3420412242412567,0.3842123746871948,0.5746493339538574,0.3881845772266388,0.4616565704345703,0.3826233148574829,0.5419297814369202,0.3854183852672577,0.4992345869541168,0.38257867097854614,0.5376296043395996,0.36580315232276917,0.5046080946922302,0.3631092309951782,0.5441426634788513,0.3640526533126831,0.49476364254951477,0.360984206199646,0.5926293134689331,0.4734474718570709,0.44284385442733765,0.46964073181152344,0.6290609836578369,0.61711186170578,0.38251468539237976,0.610736608505249,0.6550921201705933,0.7438141703605652,0.3540418744087219,0.7352240681648254,0.6410733461380005,0.7603129148483276,0.3697006106376648,0.752967894077301,0.7021737694740295,0.7951413989067078,0.2821551561355591,0.7821188569068909
64,0.5395306348800659,0.20842218399047852,0.5532011389732361,0.19739621877670288,0.5620923638343811,0.19813480973243713,0.5696536302566528,0.19904358685016632,0.5254762768745422,0.196429044008255,0.5138999223709106,0.19676727056503296,0.503546953201294,0.19728080928325653,0.5825011134147644,0.2073630392551422,0.4883059561252594,0.20598582923412323,0.5530518293380737,0.22436073422431946,0.5187801122665405,0.22361983358860016,0.649628221988678,0.2867679297924042,0.40721964836120605,0.2897302806377411,0.7012449502944946,0.38471898436546326,0.3422260582447052,0.3844965696334839,0.5731897950172424,0.38487207889556885,0.46299219131469727,0.3792984187602997,0.5414947867393494,0.3818281590938568,0.4992251396179199,0.3789415657520294,0.5348822474479675,0.36235523223876953,0.5046533942222595,0.36039769649505615,0.5415173768997192,0.36118438839912415,0.495095431804657,0.35882705450057983,0.5925991535186768,0.4735366404056549,0.442632794380188,0.4698828160762787,0.6294070482254028,0.6172307133674622,0.38214293122291565,0.6123327612876892,0.6550396680831909,0.7438562512397766,0.3542477786540985,0.7352455854415894,0.640973687171936,0.7603644132614136,0.37027353048324585,0.7529630661010742,0.7023062705993652,0.7951411008834839,0.2824481427669525,0.7821511030197144
65,0.5394838452339172,0.212034672498703,0.5531505346298218,0.2006353884935379,0.5620614290237427,0.20145151019096375,0.5695991516113281,0.20239874720573425,0.5253720283508301,0.19984745979309082,0.5138489603996277,0.2002885490655899,0.5036787390708923,0.2007610946893692,0.5825459957122803,0.21068249642848969,0.4887891411781311,0.20914170145988464,0.5530052781105042,0.22806471586227417,0.5187605619430542,0.22670459747314453,0.6492903828620911,0.2902315855026245,0.40754610300064087,0.291808158159256,0.6981155276298523,0.38697490096092224,0.34224897623062134,0.3868080973625183,0.5676660537719727,0.3832351267337799,0.4645759165287018,0.37597259879112244,0.5399214625358582,0.3795757591724396,0.49907657504081726,0.37579119205474854,0.5319954752922058,0.36003798246383667,0.5046215653419495,0.3573697805404663,0.5384343266487122,0.3593234717845917,0.4954967498779297,0.35612860321998596,0.5917614698410034,0.47821658849716187,0.4418192207813263,0.4743102788925171,0.6300905346870422,0.6177572011947632,0.3776552975177765,0.6146819591522217,0.6551122665405273,0.744113028049469,0.35437509417533875,0.7352982759475708,0.6408569812774658,0.7605167031288147,0.3708832859992981,0.7529340386390686,0.7024841904640198,0.7954729199409485,0.2825225591659546,0.7823203802108765
66,0.5378081202507019,0.2169729322195053,0.5520755052566528,0.20573659241199493,0.5608370900154114,0.20637376606464386,0.5689267516136169,0.20722374320030212,0.5245178937911987,0.20505228638648987,0.5136372447013855,0.20519229769706726,0.503639817237854,0.2053115963935852,0.5825108289718628,0.21543973684310913,0.4889543354511261,0.21377256512641907,0.5524812936782837,0.23311755061149597,0.5181306004524231,0.23178091645240784,0.6488657593727112,0.29827845096588135,0.40752527117729187,0.29773029685020447,0.6964558959007263,0.39511239528656006,0.34216955304145813,0.3922898471355438,0.5659549236297607,0.38374873995780945,0.4644704759120941,0.375527948141098,0.5398626327514648,0.37973928451538086,0.49897336959838867,0.37501558661460876,0.5314034819602966,0.3603528141975403,0.5045827031135559,0.35682833194732666,0.5375447869300842,0.3601018488407135,0.49547481536865234,0.3559150695800781,0.5903823971748352,0.4820675253868103,0.44069674611091614,0.47845932841300964,0.6323359608650208,0.6180819272994995,0.37085527181625366,0.616619884967804,0.655101478099823,0.7441015839576721,0.3543159067630768,0.736002504825592,0.6402333974838257,0.7602930068969727,0.3710375130176544,0.7532194256782532,0.70274418592453,0.7957714796066284,0.2816694676876068,0.7823216319084167
67,0.536385715007782,0.22615845501422882,0.5512875318527222,0.21378768980503082,0.5599918365478516,0.21469420194625854,0.5686138868331909,0.21586111187934875,0.5239003896713257,0.21288934350013733,0.513369083404541,0.2130485624074936,0.5035961866378784,0.21330417692661285,0.5824427008628845,0.22462543845176697,0.4889698624610901,0.2218960076570511,0.5518378019332886,0.2421984225511551,0.5174319744110107,0.24094174802303314,0.6483798623085022,0.30740150809288025,0.40682002902030945,0.3049635589122772,0.6958493590354919,0.4036085307598114,0.34095922112464905,0.4015668034553528,0.5572184920310974,0.3842831552028656,0.46436646580696106,0.3763873279094696,0.5304667949676514,0.37959930300712585,0.49831244349479675,0.3751077950000763,0.5230636596679688,0.36117368936538696,0.5038211345672607,0.3572777509689331,0.5297015309333801,0.3611181974411011,0.49527090787887573,0.35668033361434937,0.5895657539367676,0.4875425100326538,0.4403286576271057,0.4838627874851227,0.6342474818229675,0.6185930371284485,0.36595210433006287,0.6165195107460022,0.6550867557525635,0.7444416284561157,0.35430005192756653,0.736011803150177,0.6394574046134949,0.7607114911079407,0.3713657259941101,0.7531409859657288,0.7039719820022583,0.7960094213485718,0.28157371282577515,0.7823227643966675
68,0.5349373817443848,0.2403339445590973,0.5508103966712952,0.2274680733680725,0.5597735047340393,0.22829338908195496,0.568591833114624,0.22924524545669556,0.5227351784706116,0.22654739022254944,0.5120185017585754,0.22672517597675323,0.50263911485672,0.22699491679668427,0.5823825001716614,0.23500828444957733,0.4889068007469177,0.23313643038272858,0.5508905649185181,0.25642019510269165,0.5162577033042908,0.2556687295436859,0.648327648639679,0.31960803270339966,0.40561559796333313,0.31475844979286194,0.6947736740112305,0.4168190658092499,0.34091851115226746,0.40830662846565247,0.5543123483657837,0.38723310828208923,0.46432846784591675,0.3787396252155304,0.5278449058532715,0.3804785907268524,0.49770230054855347,0.37622737884521484,0.5219236612319946,0.36202386021614075,0.5030558109283447,0.35832613706588745,0.5284050703048706,0.3625412583351135,0.4950520396232605,0.35684436559677124,0.5884006023406982,0.4968715310096741,0.4391375780105591,0.4927050471305847,0.640399158000946,0.6203822493553162,0.359977126121521,0.6166518926620483,0.6556826233863831,0.744401216506958,0.35257160663604736,0.7362393736839294,0.6394900679588318,0.7603029012680054,0.37072598934173584,0.7531455755233765,0.7041760087013245,0.7959091067314148,0.27891451120376587,0.7821677327156067
69,0.5339148640632629,0.25353971123695374,0.5505364537239075,0.2406175285577774,0.5596908926963806,0.24116390943527222,0.5685681104660034,0.24179013073444366,0.5215474963188171,0.23995478451251984,0.5104806423187256,0.24020780622959137,0.5014143586158752,0.24050328135490417,0.5821449756622314,0.24782302975654602,0.4886748790740967,0.24733872711658478,0.5504019856452942,0.26979339122772217,0.5153741240501404,0.27009880542755127,0.6477726101875305,0.33197513222694397,0.4057218134403229,0.3276108205318451,0.6931287050247192,0.4263421595096588,0.34128689765930176,0.4185103476047516,0.557292640209198,0.395314484834671,0.4653019309043884,0.3852376341819763,0.5309572815895081,0.3845362067222595,0.4979373514652252,0.37882915139198303,0.5248841643333435,0.3679300844669342,0.5030619502067566,0.3616020381450653,0.5317308902740479,0.3714261054992676,0.4951844811439514,0.3620443642139435,0.5877112746238708,0.5048401355743408,0.4385632872581482,0.5018506646156311,0.6459788680076599,0.6212300062179565,0.35317254066467285,0.6188458800315857,0.6577248573303223,0.7437042593955994,0.35174646973609924,0.7357293367385864,0.6424568891525269,0.7594211101531982,0.3707207441329956,0.7520189881324768,0.7041638493537903,0.796065628528595,0.2789277732372284,0.7820654511451721
70,0.5336067080497742,0.2676938772201538,0.5505021810531616,0.25504082441329956,0.5596703290939331,0.2555491030216217,0.5685352683067322,0.2562107443809509,0.5210159420967102,0.25473514199256897,0.50966876745224,0.2549993097782135,0.5007961988449097,0.2554764151573181,0.5817294716835022,0.2621718943119049,0.48859941959381104,0.2613585889339447,0.5502126812934875,0.2839161157608032,0.5150195956230164,0.2854157090187073,0.6475825905799866,0.3449867367744446,0.4060802161693573,0.3397141695022583,0.6907808780670166,0.43798479437828064,0.3416200876235962,0.42899906635284424,0.5577703714370728,0.405852735042572,0.46534961462020874,0.39300379157066345,0.5311993360519409,0.394492506980896,0.4978993237018585,0.3861842453479767,0.5255811810493469,0.37842145562171936,0.5030489563941956,0.36930444836616516,0.5324048399925232,0.38284188508987427,0.49514469504356384,0.37051641941070557,0.5868587493896484,0.5125185251235962,0.43815258145332336,0.5096752047538757,0.6477882862091064,0.6223929524421692,0.347770094871521,0.6199991703033447,0.6595376133918762,0.7437130212783813,0.3486303687095642,0.7356262803077698,0.6457982659339905,0.7594446539878845,0.36838817596435547,0.7517343163490295,0.7031588554382324,0.7960637807846069,0.2789229154586792,0.7819848656654358
71,0.5327137112617493,0.2836509943008423,0.5500372648239136,0.27251875400543213,0.5592406392097473,0.27304980158805847,0.5680195689201355,0.2736772894859314,0.5201745629310608,0.27162355184555054,0.5088796615600586,0.2717469036579132,0.5002108216285706,0.27209872007369995,0.5811354517936707,0.2784169912338257,0.48851844668388367,0.27666762471199036,0.5492188334465027,0.30054378509521484,0.5138893127441406,0.3016248941421509,0.6470475792884827,0.36111870408058167,0.4066084921360016,0.3537556231021881,0.6880327463150024,0.4499680697917938,0.3420354723930359,0.44065868854522705,0.5579522848129272,0.4159476161003113,0.46531400084495544,0.40416133403778076,0.5312848687171936,0.40275394916534424,0.49712616205215454,0.3960433304309845,0.5264399647712708,0.3869388997554779,0.5025357007980347,0.3798203468322754,0.5328819155693054,0.3914591372013092,0.4950173795223236,0.3814811408519745,0.5847516655921936,0.5209090709686279,0.4372287094593048,0.5187550783157349,0.6511595845222473,0.6228979229927063,0.33976274728775024,0.6272633075714111,0.6658545136451721,0.7442428469657898,0.34260502457618713,0.7371147274971008,0.6524325609207153,0.7595195174217224,0.36358359456062317,0.7532063722610474,0.7028660178184509,0.7962315082550049,0.2782418727874756,0.7820688486099243
72,0.5313178896903992,0.299774169921875,0.548795223236084,0.2889953553676605,0.5578808784484863,0.2894444763660431,0.5666812658309937,0.28994661569595337,0.5190308094024658,0.28786295652389526,0.5080048441886902,0.2879180908203125,0.49957478046417236,0.2881167232990265,0.5800358653068542,0.2943769097328186,0.4883545935153961,0.2926361858844757,0.5475670099258423,0.3165021240711212,0.5125089883804321,0.31749770045280457,0.6455564498901367,0.37566739320755005,0.40665727853775024,0.3686240315437317,0.6864222884178162,0.46337011456489563,0.34358879923820496,0.45487338304519653,0.5581347942352295,0.4252864122390747,0.46527379751205444,0.41518786549568176,0.5325049757957458,0.4096578359603882,0.497102290391922,0.4044179916381836,0.5303516983985901,0.3959204852581024,0.502210259437561,0.38955163955688477,0.5352069735527039,0.40066325664520264,0.4948769509792328,0.39215344190597534,0.5816736221313477,0.5303504467010498,0.43507862091064453,0.528179407119751,0.6531016826629639,0.6225011944770813,0.33292436599731445,0.6303499937057495,0.6774192452430725,0.7465189695358276,0.33825433254241943,0.7396494150161743,0.6628628373146057,0.761368453502655,0.3583643436431885,0.7556833624839783,0.7028759717941284,0.7972516417503357,0.27781420946121216,0.7821386456489563
73,0.5310449600219727,0.31402915716171265,0.5484928488731384,0.30338796973228455,0.5575012564659119,0.30382710695266724,0.5662010312080383,0.30438727140426636,0.5188201665878296,0.30244871973991394,0.5078848004341125,0.3025301396846771,0.4995020627975464,0.3028334677219391,0.5798110365867615,0.3091689348220825,0.48833635449409485,0.30751773715019226,0.5470156073570251,0.3310362696647644,0.5123255848884583,0.3313993513584137,0.6441854238510132,0.38882941007614136,0.40880119800567627,0.3814530074596405,0.6820791959762573,0.47641950845718384,0.34443235397338867,0.46480801701545715,0.5548512935638428,0.4356728792190552,0.4652761220932007,0.4255436360836029,0.5318829417228699,0.41820722818374634,0.4971926212310791,0.41331157088279724,0.530308187007904,0.4057944416999817,0.502178966999054,0.4002901613712311,0.5348740816116333,0.4108836352825165,0.49485155940055847,0.4033724069595337,0.5789458751678467,0.539314866065979,0.43373915553092957,0.5364817976951599,0.6560372710227966,0.6248579025268555,0.32656607031822205,0.6324408054351807,0.678861141204834,0.7489280700683594,0.33611932396888733,0.7398925423622131,0.6618850827217102,0.7631932497024536,0.3566933274269104,0.7562119960784912,0.702834963798523,0.7977253794670105,0.27747008204460144,0.7821351885795593
74,0.5307877659797668,0.32922235131263733,0.5481959581375122,0.3185792565345764,0.5571139454841614,0.3189488351345062,0.5656607151031494,0.3194623589515686,0.5185235738754272,0.3178141713142395,0.5077304244041443,0.3179211914539337,0.4993990361690521,0.31814253330230713,0.5790942907333374,0.3242475688457489,0.48829028010368347,0.32271629571914673,0.5464717745780945,0.3461099863052368,0.512032151222229,0.3463510274887085,0.6420848369598389,0.4021175503730774,0.4100166857242584,0.39497655630111694,0.677487313747406,0.4910748600959778,0.3468124568462372,0.48025473952293396,0.549482524394989,0.4473966360092163,0.4657922089099884,0.43819570541381836,0.5289856791496277,0.4297136068344116,0.49767619371414185,0.42520663142204285,0.5290225148200989,0.4174674153327942,0.5021582841873169,0.41276785731315613,0.5331659317016602,0.4225471317768097,0.4949612021446228,0.41607075929641724,0.5760544538497925,0.5480180382728577,0.4329705238342285,0.544801652431488,0.6611318588256836,0.6327721476554871,0.3271229863166809,0.6327564120292664,0.6782100200653076,0.7511107325553894,0.33426985144615173,0.7397873401641846,0.6605243682861328,0.7643800377845764,0.35560497641563416,0.7559407353401184,0.7028505206108093,0.7990020513534546,0.27770763635635376,0.7821680903434753
75,0.530419647693634,0.34451088309288025,0.5478562712669373,0.33462682366371155,0.5566765069961548,0.3350785970687866,0.5651307106018066,0.3356626331806183,0.5180932879447937,0.3332917392253876,0.5074882507324219,0.3332696557044983,0.49916863441467285,0.3333108127117157,0.5788179636001587,0.340236097574234,0.48820388317108154,0.3379839360713959,0.5460385084152222,0.3617595434188843,0.5115190148353577,0.3618505895137787,0.6397640705108643,0.4162674844264984,0.4105357825756073,0.4088231921195984,0.674594521522522,0.505348801612854,0.35038402676582336,0.4950055181980133,0.5476934313774109,0.45972469449043274,0.4661969542503357,0.45041051506996155,0.5280264616012573,0.4413059949874878,0.49774277210235596,0.4357341229915619,0.5287187695503235,0.4298652410507202,0.5020198822021484,0.4242488741874695,0.5326509475708008,0.4352061152458191,0.49494579434394836,0.4279424846172333,0.5749117732048035,0.5555458068847656,0.43287408351898193,0.5520313382148743,0.6618288159370422,0.6354640126228333,0.3292943835258484,0.6329435706138611,0.6778312921524048,0.7522938847541809,0.33363616466522217,0.7390975952148438,0.6603638529777527,0.7648751735687256,0.35509440302848816,0.7554147243499756,0.7028887271881104,0.7990477085113525,0.2780393958091736,0.7821236848831177
76,0.5303938984870911,0.3590494990348816,0.5477089285850525,0.3488885462284088,0.5563827753067017,0.34936511516571045,0.5647463798522949,0.3499842882156372,0.5180535912513733,0.34754323959350586,0.5074858665466309,0.34751588106155396,0.4991624057292938,0.34760478138923645,0.5785225629806519,0.3548264503479004,0.48816952109336853,0.3525553345680237,0.5459708571434021,0.37625473737716675,0.5115073919296265,0.3759717345237732,0.6376050710678101,0.42912453413009644,0.41058284044265747,0.420928955078125,0.6726569533348083,0.5165736079216003,0.350707471370697,0.5071099996566772,0.5450760722160339,0.4692378640174866,0.46671262383461,0.46135881543159485,0.5257940292358398,0.4497321546077728,0.49772676825523376,0.44597676396369934,0.5278987288475037,0.4398045241832733,0.5018429756164551,0.43565770983695984,0.5319051146507263,0.4454801380634308,0.494954377412796,0.43995869159698486,0.5740460753440857,0.5648338794708252,0.43295302987098694,0.5607329607009888,0.6653332114219666,0.6472691893577576,0.3306278586387634,0.6373154520988464,0.6770643591880798,0.7540796995162964,0.3331427574157715,0.7390699982643127,0.6597588062286377,0.7664822340011597,0.3545679748058319,0.7553531527519226,0.7038928270339966,0.7990253567695618,0.27762240171432495,0.7821316123008728
77,0.5303477048873901,0.37347760796546936,0.5476190447807312,0.36264073848724365,0.5561607480049133,0.3629782497882843,0.5644866228103638,0.36346015334129333,0.5178834199905396,0.36190325021743774,0.5074012279510498,0.3620654046535492,0.4989657998085022,0.362146258354187,0.5783769488334656,0.3682047426700592,0.4879566431045532,0.36685436964035034,0.5458484888076782,0.3900800347328186,0.511506974697113,0.3902830183506012,0.6369317770004272,0.44070830941200256,0.41074496507644653,0.43069228529930115,0.6721698641777039,0.5263992547988892,0.3513646721839905,0.5189331769943237,0.5440016388893127,0.4803416132926941,0.4668158292770386,0.4729014039039612,0.5248913168907166,0.46075236797332764,0.49753594398498535,0.4561481177806854,0.5274808406829834,0.4511421322822571,0.5012556314468384,0.4465445280075073,0.5316580533981323,0.456635981798172,0.4949207305908203,0.4508323669433594,0.5740776062011719,0.5706547498703003,0.4332801401615143,0.5660812854766846,0.665205717086792,0.653277575969696,0.3316723704338074,0.639390230178833,0.6769362092018127,0.7557448744773865,0.33355703949928284,0.7390574216842651,0.6595391035079956,0.7680748701095581,0.35479655861854553,0.7553306221961975,0.7049907445907593,0.7990016341209412,0.27754977345466614,0.7818182706832886
78,0.5296868085861206,0.3860498070716858,0.5467044115066528,0.3755110502243042,0.5551639199256897,0.3756786286830902,0.5633561015129089,0.3760484457015991,0.5173538327217102,0.3745529055595398,0.507110595703125,0.3745269477367401,0.49857234954833984,0.37433549761772156,0.5778549313545227,0.3803800642490387,0.4878537654876709,0.37872979044914246,0.5451663732528687,0.40185144543647766,0.5112554430961609,0.40209144353866577,0.6348233222961426,0.4499038755893707,0.41218307614326477,0.4405063986778259,0.6720730662345886,0.5354381799697876,0.35281169414520264,0.5279343724250793,0.5447098612785339,0.4910290539264679,0.4667978882789612,0.48387476801872253,0.5249941349029541,0.47248682379722595,0.49709823727607727,0.4672715961933136,0.5278809666633606,0.46240565180778503,0.5007433295249939,0.4573090374469757,0.5321276187896729,0.4681430459022522,0.4947824478149414,0.4616853892803192,0.5741025805473328,0.5786360502243042,0.4349951446056366,0.573267936706543,0.6646595001220703,0.6541792154312134,0.33244243264198303,0.638776421546936,0.6757685542106628,0.7563243508338928,0.3339751064777374,0.7391113042831421,0.6585303544998169,0.7687364816665649,0.35530510544776917,0.7555010914802551,0.7057304382324219,0.7980102300643921,0.27749189734458923,0.7805085778236389
79,0.529562771320343,0.39712175726890564,0.5463367700576782,0.3866467773914337,0.5546271800994873,0.3867168426513672,0.5626978874206543,0.38695237040519714,0.5170670747756958,0.3857431411743164,0.5068197846412659,0.38568738102912903,0.4980821907520294,0.3854932487010956,0.5772653222084045,0.3907640278339386,0.48745444416999817,0.38996508717536926,0.5447003841400146,0.4125071167945862,0.5112453699111938,0.413194864988327,0.6339327692985535,0.460589736700058,0.41419875621795654,0.4486282765865326,0.6713846325874329,0.5465439558029175,0.3530873656272888,0.5392446517944336,0.5451793670654297,0.5003032088279724,0.46690669655799866,0.49432608485221863,0.5251887440681458,0.48219743371009827,0.4970833659172058,0.4777251183986664,0.5281857252120972,0.47160327434539795,0.5000506639480591,0.46680134534835815,0.5323758721351624,0.47703373432159424,0.49455487728118896,0.4710780084133148,0.5737472772598267,0.5848376154899597,0.4363110363483429,0.5795782804489136,0.6640454530715942,0.6534761786460876,0.3329678177833557,0.6407068967819214,0.6729346513748169,0.7558807730674744,0.3340650200843811,0.7395764589309692,0.6564467549324036,0.7684586644172668,0.355720579624176,0.7560529112815857,0.7056275606155396,0.7975019216537476,0.2775511145591736,0.7803022861480713
80,0.5292896032333374,0.4069426655769348,0.5459896922111511,0.3964020609855652,0.5541900992393494,0.39660289883613586,0.562143862247467,0.3969191610813141,0.5168604254722595,0.39541250467300415,0.5065808892250061,0.39528751373291016,0.4977748692035675,0.3951196074485779,0.5767475366592407,0.40127646923065186,0.48694831132888794,0.3993876278400421,0.543671190738678,0.4219966530799866,0.5111405253410339,0.42220407724380493,0.6327579617500305,0.4680284559726715,0.4151182174682617,0.45894303917884827,0.6716172099113464,0.5559087991714478,0.3531545400619507,0.5508707165718079,0.5451986789703369,0.5103081464767456,0.4676612913608551,0.5022854804992676,0.5250229239463806,0.4928639531135559,0.4974799156188965,0.485819011926651,0.5281734466552734,0.4808145761489868,0.49979960918426514,0.4741131067276001,0.5323227047920227,0.48603689670562744,0.49443319439888,0.4778270721435547,0.5735252499580383,0.5917303562164307,0.43794330954551697,0.5854529142379761,0.6636378765106201,0.6543201208114624,0.33314049243927,0.641963005065918,0.6720010042190552,0.756201982498169,0.33536842465400696,0.740386962890625,0.6554940342903137,0.768665075302124,0.3568532168865204,0.7568286657333374,0.7056204676628113,0.7972365617752075,0.2775622606277466,0.7798049449920654
81,0.5291904807090759,0.4158550500869751,0.5454487800598145,0.4053119421005249,0.5534927845001221,0.4054945409297943,0.5611893534660339,0.4057880640029907,0.5167840123176575,0.40441787242889404,0.5064947009086609,0.4044170081615448,0.49760910868644714,0.40443849563598633,0.5757373571395874,0.41024982929229736,0.48656219244003296,0.40921923518180847,0.5430627465248108,0.4311636686325073,0.5111399292945862,0.4313853681087494,0.6329673528671265,0.47664007544517517,0.4159926474094391,0.46912452578544617,0.6717602610588074,0.5658021569252014,0.3533920645713806,0.5583190321922302,0.5454248785972595,0.517361044883728,0.4679167568683624,0.5117030143737793,0.5251480937004089,0.5007508993148804,0.4974069595336914,0.49382612109184265,0.5283945798873901,0.4888429641723633,0.49882370233535767,0.4819886386394501,0.5326099991798401,0.4938049912452698,0.49394965171813965,0.48595091700553894,0.5736075639724731,0.5994879603385925,0.4389171600341797,0.5930292010307312,0.6633462905883789,0.6531175971031189,0.33336660265922546,0.6416718363761902,0.6717649698257446,0.7559748888015747,0.3357256054878235,0.7411469221115112,0.6554625630378723,0.7685865163803101,0.35694944858551025,0.7567987442016602,0.7051907777786255,0.7964025139808655,0.27832508087158203,0.7796779870986938
82,0.5272383689880371,0.4244207441806793,0.5430709719657898,0.41344207525253296,0.5509132146835327,0.4135585427284241,0.5583241581916809,0.4138069748878479,0.515064001083374,0.4129723310470581,0.504867434501648,0.4130954146385193,0.49648720026016235,0.4132217466831207,0.5725423097610474,0.4178750813007355,0.486150324344635,0.4173395335674286,0.5409751534461975,0.4391990602016449,0.5100744366645813,0.439226359128952,0.6331347227096558,0.4852035343647003,0.41647469997406006,0.4765106439590454,0.6719409227371216,0.5729103088378906,0.3539481461048126,0.566493034362793,0.5454956293106079,0.5239747762680054,0.4679145812988281,0.5167684555053711,0.5251978635787964,0.5074437260627747,0.49695292115211487,0.49862614274024963,0.5284782648086548,0.4962471127510071,0.49805909395217896,0.48851585388183594,0.5327412486076355,0.5011269450187683,0.4937232732772827,0.4922157824039459,0.5736718773841858,0.6068499088287354,0.4406546354293823,0.6003381609916687,0.6632162928581238,0.654417872428894,0.3329729437828064,0.6410535573959351,0.6717066764831543,0.755780816078186,0.33611926436424255,0.7410755753517151,0.6553650498390198,0.7684634327888489,0.3570135235786438,0.75627201795578,0.7051928639411926,0.7959277033805847,0.27837976813316345,0.7787805199623108
83,0.52581387758255,0.43175047636032104,0.5415987968444824,0.4201369285583496,0.5492947101593018,0.42020919919013977,0.5563215017318726,0.4205523431301117,0.5142437219619751,0.4196977913379669,0.5041838884353638,0.41970351338386536,0.4960521459579468,0.4197103679180145,0.5699945688247681,0.424406498670578,0.4857794940471649,0.42363792657852173,0.539559006690979,0.44595083594322205,0.5093585848808289,0.44604671001434326,0.6332030296325684,0.4924924075603485,0.4166376292705536,0.4805475175380707,0.6719210743904114,0.5793617963790894,0.3539287745952606,0.5700852274894714,0.5429131388664246,0.5273849368095398,0.46746787428855896,0.5204631090164185,0.5220085382461548,0.5096290111541748,0.4960450232028961,0.5028250813484192,0.5248504877090454,0.4988570213317871,0.496083527803421,0.4927636682987213,0.5293240547180176,0.5036504864692688,0.4922676384449005,0.4966403841972351,0.5740652680397034,0.6135863661766052,0.44135043025016785,0.6068499088287354,0.6630815267562866,0.6536649465560913,0.33067068457603455,0.643795371055603,0.6713230609893799,0.7549132108688354,0.33615994453430176,0.7416350245475769,0.6540488004684448,0.7684095501899719,0.35701942443847656,0.7567522525787354,0.705238938331604,0.7957043051719666,0.2783929407596588,0.7787315845489502
84,0.5229905843734741,0.4367872178554535,0.5390778183937073,0.42512017488479614,0.5468972325325012,0.4253201484680176,0.553801417350769,0.42573297023773193,0.5117974877357483,0.42430511116981506,0.5021547079086304,0.4242088496685028,0.4946066439151764,0.4242357909679413,0.5669896006584167,0.4294796884059906,0.48412618041038513,0.4287549555301666,0.5375421047210693,0.4513801634311676,0.5071134567260742,0.45054906606674194,0.6331162452697754,0.49553239345550537,0.4165850877761841,0.4864857792854309,0.6714276671409607,0.5833571553230286,0.3538479506969452,0.5736490488052368,0.5417904257774353,0.5322316288948059,0.46688106656074524,0.5253649353981018,0.5206389427185059,0.5136784911155701,0.4945380389690399,0.5056571364402771,0.5240205526351929,0.5030712485313416,0.49422720074653625,0.4959547817707062,0.5284530520439148,0.5080052614212036,0.4911591708660126,0.5004690289497375,0.574349582195282,0.6193357706069946,0.4431542158126831,0.6118853688240051,0.6630361676216125,0.6540922522544861,0.3309095501899719,0.6432055234909058,0.6712750196456909,0.7545875906944275,0.3370787501335144,0.7413647174835205,0.6537798047065735,0.768549382686615,0.35673654079437256,0.7567141652107239,0.7052529454231262,0.7955707311630249,0.2790689468383789,0.778407096862793
85,0.5209608674049377,0.438957154750824,0.5368900299072266,0.4278460144996643,0.5446790456771851,0.428169846534729,0.5515506267547607,0.4283669888973236,0.5092241168022156,0.42631569504737854,0.5003587603569031,0.4259486794471741,0.49334678053855896,0.425857812166214,0.5655203461647034,0.43236759305000305,0.48345810174942017,0.4308558404445648,0.5357688069343567,0.4534359574317932,0.5044444799423218,0.4521983861923218,0.6316391825675964,0.49753808975219727,0.4165324568748474,0.48935189843177795,0.6704368591308594,0.5856620073318481,0.3538185954093933,0.575982391834259,0.536985456943512,0.5321720242500305,0.4670337438583374,0.5256803631782532,0.5142091512680054,0.5123783349990845,0.4943453073501587,0.505885660648346,0.5190925002098083,0.5016472935676575,0.494084894657135,0.4957137703895569,0.5236936807632446,0.5066770315170288,0.4909168481826782,0.49985334277153015,0.5749130845069885,0.618413507938385,0.4440978169441223,0.6120243072509766,0.6629806160926819,0.6536418795585632,0.32926249504089355,0.6439847350120544,0.6713404059410095,0.7541897296905518,0.33744874596595764,0.7392955422401428,0.6537266373634338,0.7684822678565979,0.35675567388534546,0.7548511028289795,0.7050628066062927,0.7956115007400513,0.2791239321231842,0.7784206867218018
86,0.5183970928192139,0.44006282091140747,0.535215437412262,0.42871299386024475,0.5432411432266235,0.42915260791778564,0.550229012966156,0.4295157194137573,0.506544291973114,0.426783949136734,0.49801161885261536,0.4263089597225189,0.4909422695636749,0.4261236786842346,0.5644316077232361,0.434023916721344,0.4808209538459778,0.43176037073135376,0.5338577628135681,0.4549354612827301,0.5009273290634155,0.45346692204475403,0.6313036680221558,0.4996586740016937,0.41616979241371155,0.4925850033760071,0.670153796672821,0.5875316262245178,0.3534812927246094,0.5793982744216919,0.5369042158126831,0.534641683101654,0.46667033433914185,0.5302777886390686,0.5147144198417664,0.5141557455062866,0.4934440851211548,0.5081660747528076,0.519271731376648,0.5045939683914185,0.49316513538360596,0.49989134073257446,0.5240075588226318,0.5101628303527832,0.49021437764167786,0.5049923658370972,0.5753275156021118,0.6191386580467224,0.44416728615760803,0.6132851243019104,0.6631045937538147,0.6548742651939392,0.3275459408760071,0.645614743232727,0.6713272333145142,0.7539809346199036,0.33749985694885254,0.7390815615653992,0.6536823511123657,0.7684568166732788,0.35621726512908936,0.7547751069068909,0.7051995396614075,0.7955943942070007,0.27902713418006897,0.7782591581344604
87,0.5164942145347595,0.4395599961280823,0.5333818793296814,0.4279235303401947,0.5420731902122498,0.42831963300704956,0.5488800406455994,0.4288118779659271,0.5042598247528076,0.42638862133026123,0.49613156914711,0.425913542509079,0.48911789059638977,0.42566782236099243,0.5632500648498535,0.43370434641838074,0.47887516021728516,0.43177297711372375,0.5326221585273743,0.45369142293930054,0.4988172650337219,0.4530908763408661,0.6298908591270447,0.4984150826931,0.4144360423088074,0.49171438813209534,0.6681153178215027,0.5878628492355347,0.35289475321769714,0.5799764394760132,0.5369952321052551,0.5348711013793945,0.4656394422054291,0.5322198867797852,0.5152279138565063,0.5153399705886841,0.49154964089393616,0.5103740096092224,0.5192456841468811,0.5044262409210205,0.4917728006839752,0.5009506344795227,0.5242422223091125,0.5098013281822205,0.48896658420562744,0.5060368776321411,0.5747249722480774,0.6179512739181519,0.44404762983322144,0.6123983263969421,0.663323700428009,0.6556602120399475,0.3261736035346985,0.6472989320755005,0.6712091565132141,0.7539435029029846,0.3375258445739746,0.7390459775924683,0.6529732942581177,0.7684757113456726,0.3561515510082245,0.7547932863235474,0.7054296135902405,0.7956046462059021,0.27842724323272705,0.7782266139984131
88,0.5155811309814453,0.4351036846637726,0.5322663187980652,0.42418569326400757,0.5412564873695374,0.42475441098213196,0.5483599305152893,0.42535629868507385,0.5029081702232361,0.42315903306007385,0.4944259524345398,0.42316100001335144,0.48725754022598267,0.4232516586780548,0.5628978610038757,0.4312500059604645,0.4766483008861542,0.4295107424259186,0.5323671102523804,0.4495387375354767,0.49787959456443787,0.44904863834381104,0.6280781626701355,0.49864819645881653,0.4131881296634674,0.49051758646965027,0.666789174079895,0.5875393152236938,0.3528900742530823,0.5794325470924377,0.535150408744812,0.5334956049919128,0.46387195587158203,0.5296338796615601,0.513026237487793,0.5142186880111694,0.4883173704147339,0.5089462995529175,0.5180699825286865,0.5038438439369202,0.4889703691005707,0.4992407560348511,0.5232254266738892,0.5092445015907288,0.48675012588500977,0.5041338801383972,0.573967456817627,0.617425799369812,0.4439442455768585,0.6111679077148438,0.6633176207542419,0.655204713344574,0.3263002336025238,0.6474463939666748,0.6709600687026978,0.7539137005805969,0.3376464247703552,0.7385453581809998,0.6521779298782349,0.7684710025787354,0.3561791181564331,0.7544840574264526,0.7054255604743958,0.7957176566123962,0.27847984433174133,0.7782042026519775
89,0.5147695541381836,0.43252474069595337,0.5309430956840515,0.4215588867664337,0.5404118895530701,0.4219692349433899,0.5475839972496033,0.42240437865257263,0.5012239217758179,0.42098844051361084,0.49274104833602905,0.42118605971336365,0.485140323638916,0.4214210510253906,0.5623708367347717,0.42825081944465637,0.47451215982437134,0.4276197552680969,0.5320652723312378,0.4469720423221588,0.4972955882549286,0.4467617869377136,0.6268397569656372,0.49461886286735535,0.4131634533405304,0.48668351769447327,0.666551411151886,0.5830718874931335,0.3526575267314911,0.5763875246047974,0.5356279015541077,0.5314546227455139,0.4625890851020813,0.5285840630531311,0.5116150379180908,0.5135473012924194,0.48741674423217773,0.508002519607544,0.5162928104400635,0.5022937655448914,0.4875037968158722,0.4975682497024536,0.5223527550697327,0.5071348547935486,0.485288143157959,0.5019577741622925,0.5738411545753479,0.6154204607009888,0.4438471794128418,0.6093299984931946,0.6633992791175842,0.6559129953384399,0.32611730694770813,0.6477580666542053,0.6709488034248352,0.7538881897926331,0.337719589471817,0.7385502457618713,0.6521703600883484,0.768467128276825,0.35621577501296997,0.7544888257980347,0.7054908871650696,0.7957212328910828,0.27848079800605774,0.7782027125358582
90,0.5122065544128418,0.42969805002212524,0.5281018614768982,0.4191613793373108,0.5379731059074402,0.41961368918418884,0.5456863045692444,0.4200553297996521,0.4989032745361328,0.41814738512039185,0.49046093225479126,0.4181555211544037,0.4825894832611084,0.4182661771774292,0.560988187789917,0.425985723733902,0.47207415103912354,0.4240606725215912,0.5291376709938049,0.4441884458065033,0.49479246139526367,0.4436441957950592,0.6264908313751221,0.49282175302505493,0.413140207529068,0.4835226237773895,0.6665240526199341,0.5818163156509399,0.3525775372982025,0.5743582844734192,0.5357968211174011,0.5287178158760071,0.46026965975761414,0.5259876847267151,0.5108066201210022,0.5114244222640991,0.48495110869407654,0.5061838626861572,0.5151283144950867,0.49984076619148254,0.4855288565158844,0.49520015716552734,0.5214967727661133,0.5045817494392395,0.48309287428855896,0.4993266761302948,0.572957456111908,0.6134541034698486,0.4427969455718994,0.6073524951934814,0.6632457971572876,0.6557567119598389,0.32620158791542053,0.647351861000061,0.6708542108535767,0.7538673877716064,0.33775556087493896,0.7384380102157593,0.6517068147659302,0.7684544324874878,0.3562288284301758,0.7544133067131042,0.7054192423820496,0.7957322597503662,0.2785499691963196,0.7782119512557983
91,0.5123346447944641,0.4284232556819916,0.5280503034591675,0.4185899794101715,0.5378780364990234,0.4189709424972534,0.5455487370491028,0.4193623960018158,0.49908944964408875,0.4172602593898773,0.49050411581993103,0.4171715974807739,0.4824847877025604,0.41716277599334717,0.560879111289978,0.4242708384990692,0.4709814190864563,0.4231184422969818,0.5293208360671997,0.44299930334091187,0.4952022433280945,0.44286689162254333,0.6266739964485168,0.49127140641212463,0.41181573271751404,0.48216965794563293,0.6663289070129395,0.5796352028846741,0.3506303131580353,0.5722792744636536,0.5360453724861145,0.527283251285553,0.45790278911590576,0.5239249467849731,0.5095837712287903,0.5103273987770081,0.48226866126060486,0.5046810507774353,0.5144670605659485,0.49833381175994873,0.4835420846939087,0.4935314357280731,0.5210952162742615,0.5031589269638062,0.48091164231300354,0.49779245257377625,0.5729042887687683,0.6132928133010864,0.44276565313339233,0.6069207787513733,0.6633229851722717,0.6546526551246643,0.3263450264930725,0.647088348865509,0.671042263507843,0.7538524866104126,0.33791396021842957,0.7381877303123474,0.6517093777656555,0.7685810327529907,0.3563512861728668,0.7543678283691406,0.7054260969161987,0.7958652377128601,0.27855154871940613,0.7782162427902222
92,0.5122944712638855,0.42210206389427185,0.5280616283416748,0.41128164529800415,0.5379499793052673,0.4115086793899536,0.5455644130706787,0.4117823541164398,0.4989103078842163,0.41110700368881226,0.4902295172214508,0.41132059693336487,0.48220863938331604,0.41156500577926636,0.5606887936592102,0.4156619906425476,0.4706028699874878,0.41604697704315186,0.5296127200126648,0.43707501888275146,0.4955984652042389,0.4367969334125519,0.6263640522956848,0.48319748044013977,0.41092783212661743,0.47797146439552307,0.6662992238998413,0.5759227871894836,0.34776565432548523,0.5709295868873596,0.5363651514053345,0.5240404605865479,0.45796898007392883,0.5210239887237549,0.5099244713783264,0.5091159343719482,0.4827745258808136,0.5040844678878784,0.514919638633728,0.4964492619037628,0.48402196168899536,0.4918646514415741,0.5215941667556763,0.5009124279022217,0.48108434677124023,0.4951139986515045,0.5732668042182922,0.606961190700531,0.44275692105293274,0.6019749045372009,0.6636691689491272,0.6547084450721741,0.32645511627197266,0.6476765275001526,0.6712677478790283,0.7538420557975769,0.33814364671707153,0.7381570339202881,0.6517124772071838,0.7685765624046326,0.3567730188369751,0.7544728517532349,0.7053969502449036,0.796083390712738,0.27822741866111755,0.7782169580459595
93,0.5118013620376587,0.4117388427257538,0.5281608700752258,0.4007880985736847,0.5379945039749146,0.40112653374671936,0.5455933809280396,0.401552677154541,0.4990432858467102,0.39974966645240784,0.4904554486274719,0.3997955918312073,0.4823450744152069,0.3999260365962982,0.5605517625808716,0.40552836656570435,0.4709574282169342,0.4048880636692047,0.5293840169906616,0.42673245072364807,0.49570831656455994,0.42609721422195435,0.6251511573791504,0.473182737827301,0.4103221297264099,0.4690791666507721,0.6663572192192078,0.5659521222114563,0.3454894721508026,0.5611034035682678,0.5371055603027344,0.5176123380661011,0.4564487934112549,0.5151450634002686,0.5116118788719177,0.5034294724464417,0.48184990882873535,0.5017324686050415,0.5161222219467163,0.4915415644645691,0.4833812117576599,0.48686230182647705,0.52312171459198,0.4951944351196289,0.48016318678855896,0.48881852626800537,0.5732876062393188,0.597326934337616,0.4424186646938324,0.5933535099029541,0.6647337079048157,0.6546528339385986,0.3264898955821991,0.6475530862808228,0.6712602972984314,0.7537486553192139,0.33822494745254517,0.7369475960731506,0.6516227722167969,0.768616259098053,0.3570283353328705,0.7539803981781006,0.7054274678230286,0.7960965633392334,0.27819815278053284,0.7782133221626282
94,0.5119223594665527,0.40016254782676697,0.5283687710762024,0.3880005180835724,0.5381008386611938,0.3887769281864166,0.5457488894462585,0.38965538144111633,0.4992571771144867,0.38619333505630493,0.4905388057231903,0.3858809471130371,0.4825572967529297,0.3858968913555145,0.5606072545051575,0.39480239152908325,0.4712294638156891,0.3926539421081543,0.5294275879859924,0.4142574667930603,0.49563851952552795,0.4144808351993561,0.621880829334259,0.4623832404613495,0.4093262553215027,0.45515474677085876,0.6668933629989624,0.5535213947296143,0.3451593220233917,0.550857424736023,0.539043128490448,0.512882649898529,0.4547326862812042,0.5070905685424805,0.5127694010734558,0.4990733563899994,0.4797622561454773,0.49596452713012695,0.5163942575454712,0.4862605631351471,0.4823351800441742,0.48022183775901794,0.5234603881835938,0.4899830222129822,0.4786539077758789,0.4819936752319336,0.571711540222168,0.587137758731842,0.44107574224472046,0.5844277143478394,0.665090024471283,0.6556023359298706,0.3265511095523834,0.6474736928939819,0.6713773012161255,0.7535083889961243,0.3378666639328003,0.7369381785392761,0.6516938805580139,0.7685622572898865,0.3565449118614197,0.7539739608764648,0.7054939270019531,0.7960995435714722,0.27820926904678345,0.7782092690467834
95,0.5116379857063293,0.38816478848457336,0.5284994840621948,0.3756832480430603,0.5382073521614075,0.376356303691864,0.5458278059959412,0.37714263796806335,0.4994133412837982,0.373677134513855,0.49074000120162964,0.37324458360671997,0.48274531960487366,0.37293708324432373,0.560383141040802,0.3825479745864868,0.4715794026851654,0.3795083463191986,0.5292074680328369,0.40195438265800476,0.4955042004585266,0.4020223319530487,0.6219100952148438,0.45273247361183167,0.4066509008407593,0.44341805577278137,0.6672815680503845,0.5436822175979614,0.34475797414779663,0.5394500494003296,0.5392449498176575,0.5046957731246948,0.4544253349304199,0.4992336630821228,0.5134364366531372,0.4906849265098572,0.4797796308994293,0.4885562062263489,0.516521692276001,0.4782101511955261,0.4824199676513672,0.4736134707927704,0.5235503315925598,0.48185285925865173,0.47855615615844727,0.47522518038749695,0.5699288845062256,0.5789363980293274,0.4387144148349762,0.5762618780136108,0.6648160219192505,0.6554906368255615,0.3266974985599518,0.6475521326065063,0.6719708442687988,0.7533397674560547,0.337898313999176,0.7370845079421997,0.6529669761657715,0.7685531377792358,0.35615262389183044,0.7543727159500122,0.7055903077125549,0.7958911657333374,0.27876022458076477,0.778206467628479
96,0.5116454362869263,0.37357959151268005,0.5286378264427185,0.36154705286026,0.5383102297782898,0.3622545897960663,0.5459181070327759,0.3629719018936157,0.49956417083740234,0.35950297117233276,0.49086642265319824,0.3592117130756378,0.4828311502933502,0.3589085340499878,0.5603765845298767,0.3690934181213379,0.4722571074962616,0.36612650752067566,0.529270350933075,0.38738664984703064,0.4954811930656433,0.38728567957878113,0.622257649898529,0.4440188705921173,0.40230587124824524,0.4370051622390747,0.6678513288497925,0.533352792263031,0.3442375063896179,0.5278993844985962,0.5411861538887024,0.4988402724266052,0.4539385437965393,0.4932818114757538,0.5143332481384277,0.4844698905944824,0.4800020456314087,0.4822174310684204,0.516624391078949,0.4711672067642212,0.48264116048812866,0.4682837128639221,0.5235876441001892,0.4755188822746277,0.4786951243877411,0.4702776372432709,0.5696964263916016,0.5735601782798767,0.4369174838066101,0.5717077851295471,0.6650105118751526,0.6554189920425415,0.32650843262672424,0.6476305723190308,0.6719642877578735,0.7535353302955627,0.3379223942756653,0.7373368144035339,0.6529552340507507,0.7685297131538391,0.35613271594047546,0.7546846270561218,0.7075417041778564,0.795340895652771,0.27759045362472534,0.7780495882034302
97,0.5118268132209778,0.3569735884666443,0.529552698135376,0.34546053409576416,0.5390010476112366,0.3466315269470215,0.5466524362564087,0.34770891070365906,0.5003275275230408,0.34347307682037354,0.4916163682937622,0.34324321150779724,0.48415741324424744,0.34315934777259827,0.5609251856803894,0.35534578561782837,0.47428610920906067,0.35136157274246216,0.5295858383178711,0.37242719531059265,0.4955601990222931,0.371726393699646,0.6242841482162476,0.432981938123703,0.4003109335899353,0.42895030975341797,0.6684514284133911,0.5233114957809448,0.34420523047447205,0.5191018581390381,0.5411823391914368,0.4901847541332245,0.4541500508785248,0.4862821698188782,0.5143580436706543,0.4748223125934601,0.48025965690612793,0.4746781885623932,0.515759289264679,0.46127063035964966,0.48365211486816406,0.460781067609787,0.5227680802345276,0.46564778685569763,0.47881513833999634,0.46322101354599,0.5690211653709412,0.5665679574012756,0.4349726736545563,0.5643022060394287,0.6645089387893677,0.6537989974021912,0.3264599144458771,0.6475304365158081,0.6719340085983276,0.7526795268058777,0.3379177749156952,0.7380687594413757,0.6528530716896057,0.7669976353645325,0.3560974895954132,0.7549957633018494,0.7078664898872375,0.7949686646461487,0.2770710289478302,0.7779111266136169
98,0.5131657123565674,0.340105265378952,0.5310455560684204,0.3286059498786926,0.5404582619667053,0.32968899607658386,0.5479215383529663,0.33085283637046814,0.5017890334129333,0.3269847333431244,0.4926612675189972,0.32707518339157104,0.4859468340873718,0.32728463411331177,0.5619632601737976,0.339510440826416,0.4761505722999573,0.3363008201122284,0.5306360721588135,0.35686197876930237,0.49611538648605347,0.35631224513053894,0.6274873614311218,0.4204482138156891,0.399381160736084,0.41933509707450867,0.6694295406341553,0.5133160352706909,0.34475937485694885,0.5098562836647034,0.5439276695251465,0.48520687222480774,0.45442259311676025,0.47937339544296265,0.5153961777687073,0.4716777801513672,0.4818786680698395,0.46814972162246704,0.5158325433731079,0.4576040804386139,0.48506447672843933,0.45451080799102783,0.5235012769699097,0.4618259072303772,0.47943639755249023,0.456856906414032,0.5691184997558594,0.5578498840332031,0.43387624621391296,0.5565851330757141,0.6644981503486633,0.6520071625709534,0.3257783055305481,0.6455545425415039,0.6718395352363586,0.753084123134613,0.3372687101364136,0.7384517192840576,0.6529338359832764,0.7669894695281982,0.35606664419174194,0.7549515962600708,0.708163857460022,0.7945942282676697,0.27635881304740906,0.777760922908783
99,0.5143218040466309,0.3239755928516388,0.5326458811759949,0.3125230371952057,0.5420488715171814,0.3135313391685486,0.5493857264518738,0.31466248631477356,0.5030403733253479,0.3109930753707886,0.4935043752193451,0.31106695532798767,0.4872438907623291,0.3112109899520874,0.5635648369789124,0.3236018121242523,0.47820016741752625,0.32038941979408264,0.5318768620491028,0.3410533368587494,0.4968048632144928,0.339986115694046,0.6302582621574402,0.40575110912323,0.39939090609550476,0.40444105863571167,0.6705243587493896,0.5023581385612488,0.34479713439941406,0.49735602736473083,0.5438880920410156,0.47844547033309937,0.4550248682498932,0.47176605463027954,0.5152691006660461,0.4639464318752289,0.48421767354011536,0.4619118571281433,0.5150313377380371,0.4512909948825836,0.4869999587535858,0.44943442940711975,0.522968053817749,0.45457854866981506,0.4807690680027008,0.4511200785636902,0.5691400170326233,0.5488430261611938,0.4324013590812683,0.5473238229751587,0.663955807685852,0.6501277685165405,0.32300788164138794,0.6436793804168701,0.6719319820404053,0.752598762512207,0.3362993896007538,0.7383739948272705,0.6534748077392578,0.7650983929634094,0.3560100197792053,0.7539686560630798,0.7079119682312012,0.7945565581321716,0.27611681818962097,0.7777564525604248
100,0.5160982608795166,0.30871859192848206,0.5346934199333191,0.29697635769844055,0.5437408685684204,0.2977493405342102,0.5510709285736084,0.2987706959247589,0.5048768520355225,0.29613935947418213,0.4948884844779968,0.2965828776359558,0.4884806275367737,0.29694896936416626,0.5650127530097961,0.307443767786026,0.48028039932250977,0.3053675591945648,0.5338044166564941,0.3250753581523895,0.49798792600631714,0.3242852985858917,0.632638156414032,0.3926110863685608,0.39979252219200134,0.3891907334327698,0.6722494959831238,0.4908958673477173,0.3451007902622223,0.48079782724380493,0.5478142499923706,0.47454512119293213,0.4551420211791992,0.461578905582428,0.5192586183547974,0.4653114378452301,0.4858487844467163,0.45812276005744934,0.5181323289871216,0.44862520694732666,0.48905983567237854,0.4433322250843048,0.5253777503967285,0.4498327374458313,0.48185282945632935,0.4434569180011749,0.5689429640769958,0.5398651361465454,0.4296455383300781,0.5375863313674927,0.6634219884872437,0.6485681533813477,0.3229063153266907,0.6430326104164124,0.6726473569869995,0.75261390209198,0.3354892134666443,0.7383664846420288,0.6553343534469604,0.7649499177932739,0.35601183772087097,0.7521106600761414,0.7081588506698608,0.7945835590362549,0.2764970064163208,0.7776974439620972
101,0.5168316960334778,0.29165133833885193,0.5358187556266785,0.28019458055496216,0.5449339151382446,0.2808835208415985,0.5523720383644104,0.2818082869052887,0.5056965351104736,0.2793441116809845,0.4955061078071594,0.27971336245536804,0.48911744356155396,0.2801540791988373,0.5664974451065063,0.2903643548488617,0.4814912676811218,0.2892707586288452,0.5348058938980103,0.3082546591758728,0.4985273480415344,0.3072989881038666,0.6349870562553406,0.37790146470069885,0.40009981393814087,0.3740692436695099,0.6727105379104614,0.4764377772808075,0.34514373540878296,0.46585026383399963,0.5475711822509766,0.46764183044433594,0.45784932374954224,0.4550394117832184,0.5190761685371399,0.4620412290096283,0.48858195543289185,0.4561864137649536,0.5162413120269775,0.44328784942626953,0.49303582310676575,0.439881294965744,0.5226655006408691,0.44295501708984375,0.48490509390830994,0.43854373693466187,0.5691685080528259,0.5295825600624084,0.4283421039581299,0.5282280445098877,0.6613132357597351,0.6440103054046631,0.3225919306278229,0.6417164206504822,0.6722766757011414,0.7528617978096008,0.3354579508304596,0.7385456562042236,0.6552925109863281,0.7653180360794067,0.3562301695346832,0.752191960811615,0.7081446051597595,0.7951467037200928,0.27624213695526123,0.7777015566825867
102,0.5185859799385071,0.2759426236152649,0.5373531579971313,0.26389554142951965,0.5462997555732727,0.26451942324638367,0.5537808537483215,0.265475869178772,0.5069742798805237,0.2635047137737274,0.49669331312179565,0.2642156481742859,0.4897458255290985,0.2648131251335144,0.567577600479126,0.27380427718162537,0.48211365938186646,0.2736853361129761,0.5369476675987244,0.2923565208911896,0.5001082420349121,0.2917128801345825,0.6371495127677917,0.3629923164844513,0.40023568272590637,0.3607252836227417,0.673920750617981,0.46002963185310364,0.34530171751976013,0.45224109292030334,0.5557172894477844,0.4626655578613281,0.4554816484451294,0.44936972856521606,0.5256463885307312,0.4619557559490204,0.4874984622001648,0.45332804322242737,0.5233510136604309,0.44189560413360596,0.49279192090034485,0.4347290098667145,0.5297006368637085,0.4391475021839142,0.4844280779361725,0.4320005774497986,0.5691961050033569,0.5220638513565063,0.42702895402908325,0.5214348435401917,0.658241331577301,0.6353928446769714,0.32261958718299866,0.6415205597877502,0.6722007393836975,0.7524138689041138,0.33549070358276367,0.7387799620628357,0.655089259147644,0.7652597427368164,0.35732513666152954,0.7523989081382751,0.7082318067550659,0.7951862812042236,0.2761683762073517,0.7773905396461487
103,0.5208804607391357,0.25877901911735535,0.5396307706832886,0.24695855379104614,0.5483345985412598,0.2475423663854599,0.5559371113777161,0.2485298365354538,0.508898913860321,0.2467179149389267,0.49868786334991455,0.2475106418132782,0.49081680178642273,0.24811656773090363,0.56917405128479,0.2567807734012604,0.4830671548843384,0.2567404508590698,0.5397199988365173,0.2747596204280853,0.502078652381897,0.2739395797252655,0.6404934525489807,0.34871408343315125,0.40038901567459106,0.3448485732078552,0.6755113005638123,0.4476887583732605,0.3451283574104309,0.4369441866874695,0.5594387054443359,0.4541405439376831,0.4549262523651123,0.4411396384239197,0.5272547006607056,0.45611417293548584,0.48746010661125183,0.4473556578159332,0.5246474146842957,0.43583568930625916,0.49333134293556213,0.42837807536125183,0.5306199193000793,0.4315151870250702,0.4844393730163574,0.42433276772499084,0.5696486234664917,0.5150826573371887,0.4263778030872345,0.5148285031318665,0.6564241051673889,0.6328070759773254,0.32332637906074524,0.64155513048172,0.6721938848495483,0.749973475933075,0.3356611132621765,0.7386160492897034,0.655051052570343,0.763648271560669,0.3587295114994049,0.7524414658546448,0.7082481384277344,0.7950729727745056,0.27602270245552063,0.7773617506027222
104,0.52153080701828,0.2441505342721939,0.5402789115905762,0.23202112317085266,0.549113929271698,0.23281505703926086,0.5568785071372986,0.23360873758792877,0.5095762014389038,0.2316327691078186,0.4996115267276764,0.2322496473789215,0.4913499653339386,0.23276829719543457,0.5704295635223389,0.24213910102844238,0.4836200773715973,0.2413594126701355,0.54104083776474,0.26013511419296265,0.5029200315475464,0.2591346204280853,0.6446691155433655,0.3349800109863281,0.400497704744339,0.33126360177993774,0.6775398254394531,0.43821823596954346,0.34506306052207947,0.4263114035129547,0.560742974281311,0.4442959725856781,0.451138973236084,0.4337081015110016,0.5267673134803772,0.4479551911354065,0.48460930585861206,0.4400377571582794,0.5243273973464966,0.427058607339859,0.49324488639831543,0.4214719235897064,0.5303488969802856,0.42185112833976746,0.4836668372154236,0.4169636070728302,0.5718849301338196,0.5089691281318665,0.4266549348831177,0.5066379904747009,0.65412437915802,0.6278557181358337,0.328660249710083,0.6333503127098083,0.6722498536109924,0.748559296131134,0.33685603737831116,0.7373911738395691,0.6551928520202637,0.7627893686294556,0.3606257736682892,0.7512716054916382,0.7085940837860107,0.795056164264679,0.276077538728714,0.7772807478904724
105,0.5225327610969543,0.23011040687561035,0.5409342050552368,0.21824771165847778,0.5498130917549133,0.2191580832004547,0.5576855540275574,0.21976304054260254,0.5107926726341248,0.21790988743305206,0.5012630224227905,0.21824948489665985,0.4926969110965729,0.21893849968910217,0.571655809879303,0.2287992537021637,0.48456284403800964,0.2285989224910736,0.5424487590789795,0.24640433490276337,0.5046239495277405,0.24527230858802795,0.6475912928581238,0.32159483432769775,0.4009881913661957,0.3186006247997284,0.6802385449409485,0.427418977022171,0.34560316801071167,0.4137020409107208,0.5618343949317932,0.4349246025085449,0.44963154196739197,0.42587777972221375,0.5263448357582092,0.4394770860671997,0.48320069909095764,0.4322853684425354,0.5242500305175781,0.41789498925209045,0.4931451380252838,0.4126603901386261,0.5304287075996399,0.41198641061782837,0.48343583941459656,0.40773332118988037,0.573222815990448,0.5024293661117554,0.42689311504364014,0.49849244952201843,0.6477538347244263,0.6271194219589233,0.33787646889686584,0.6268463134765625,0.672205924987793,0.7472456693649292,0.3378343880176544,0.7359270453453064,0.6552907824516296,0.762190043926239,0.3619835078716278,0.7495712041854858,0.7090398073196411,0.794750988483429,0.2763836085796356,0.7772406339645386
106,0.523470938205719,0.2202831208705902,0.5418061017990112,0.207987979054451,0.5506512522697449,0.20873750746250153,0.5583763122558594,0.2097577005624771,0.5118210911750793,0.20710191130638123,0.5024657845497131,0.20720934867858887,0.49344104528427124,0.20777621865272522,0.5730915069580078,0.21889035403728485,0.4849259555339813,0.21691098809242249,0.5432859063148499,0.23631569743156433,0.5054434537887573,0.23483309149742126,0.6484500169754028,0.307821661233902,0.4010390639305115,0.30611127614974976,0.6812138557434082,0.4163077473640442,0.3473147749900818,0.4029465317726135,0.5615373253822327,0.42539122700691223,0.44866544008255005,0.4173446595668793,0.5260432958602905,0.43194684386253357,0.4826382100582123,0.4253401756286621,0.5241957306861877,0.4080972969532013,0.4930110275745392,0.4040897488594055,0.5302107930183411,0.4013301730155945,0.48324325680732727,0.398672878742218,0.5753142237663269,0.4939397871494293,0.4271205961704254,0.48994579911231995,0.6450441479682922,0.6255939602851868,0.3443681001663208,0.6219528913497925,0.6710053086280823,0.7457627058029175,0.342009961605072,0.7344917058944702,0.6544650197029114,0.761428952217102,0.36613351106643677,0.7482566237449646,0.708879828453064,0.7943973541259766,0.2770197093486786,0.7771913409233093
107,0.524609386920929,0.21315297484397888,0.5428256392478943,0.20118407905101776,0.5515853762626648,0.20225436985492706,0.5594139099121094,0.20316128432750702,0.5132436156272888,0.20014724135398865,0.5039679408073425,0.20037004351615906,0.4951254427433014,0.20066127181053162,0.5747342705726624,0.21075527369976044,0.4859704375267029,0.20866550505161285,0.5441248416900635,0.22969308495521545,0.5071275234222412,0.2288309633731842,0.6496891379356384,0.2969403862953186,0.40193963050842285,0.29390308260917664,0.6846720576286316,0.4053666889667511,0.34791526198387146,0.39081478118896484,0.5624473690986633,0.41466957330703735,0.4445419907569885,0.40618154406547546,0.5262107849121094,0.42081382870674133,0.47856658697128296,0.41515490412712097,0.5241605639457703,0.39860981702804565,0.4904269874095917,0.39450278878211975,0.5301650166511536,0.391696959733963,0.48018255829811096,0.38820141553878784,0.5763017535209656,0.4876488447189331,0.4272296726703644,0.4839009940624237,0.6385846734046936,0.6255436539649963,0.3509020209312439,0.6191908717155457,0.6694283485412598,0.7456080913543701,0.34493857622146606,0.7333448529243469,0.6538679003715515,0.7615233063697815,0.36849600076675415,0.7479278445243835,0.709236741065979,0.7942281365394592,0.2770875096321106,0.7771495580673218
108,0.5257405042648315,0.20407547056674957,0.5440291166305542,0.19311073422431946,0.55266934633255,0.19381608068943024,0.5607109665870667,0.1949336677789688,0.5141012072563171,0.19185329973697662,0.5047517418861389,0.191926047205925,0.49582168459892273,0.19235283136367798,0.5759108066558838,0.20247013866901398,0.4864785671234131,0.20095571875572205,0.5451735258102417,0.22137878835201263,0.5083917379379272,0.22048978507518768,0.6509500741958618,0.28761300444602966,0.40292593836784363,0.28548431396484375,0.6886455416679382,0.3920370638370514,0.3478313386440277,0.38205745816230774,0.5631502270698547,0.4071577489376068,0.4439932107925415,0.39888665080070496,0.5268509984016418,0.4136514365673065,0.4783118963241577,0.40721046924591064,0.5240077972412109,0.39378803968429565,0.49042049050331116,0.38756686449050903,0.5300418138504028,0.3873137831687927,0.48013028502464294,0.3813914954662323,0.5779263377189636,0.47995418310165405,0.4280468821525574,0.4768110513687134,0.6309047937393188,0.6217169165611267,0.3582037389278412,0.6150732040405273,0.6652126908302307,0.743359386920929,0.34608739614486694,0.7325292229652405,0.6509602069854736,0.7582013010978699,0.36945757269859314,0.7478984594345093,0.7087165117263794,0.7930014729499817,0.2775154113769531,0.7771456241607666
109,0.5272915959358215,0.20248077809810638,0.5450308918952942,0.19155095517635345,0.5536352396011353,0.19229206442832947,0.5618988871574402,0.19293121993541718,0.5147998929023743,0.19020290672779083,0.5052085518836975,0.190274178981781,0.4963711202144623,0.19051212072372437,0.5767368674278259,0.19965408742427826,0.4870397448539734,0.1973804384469986,0.5465943217277527,0.21910527348518372,0.5102005004882812,0.21954523026943207,0.6511965394020081,0.28129079937934875,0.40505558252334595,0.2797999382019043,0.6907219886779785,0.383809894323349,0.3474343717098236,0.3757818043231964,0.5636982321739197,0.3990319073200226,0.44440457224845886,0.3899145722389221,0.5276136994361877,0.4052031338214874,0.4783647954463959,0.39895445108413696,0.5238815546035767,0.38736698031425476,0.4907055199146271,0.38018104434013367,0.5299355983734131,0.38126039505004883,0.48063015937805176,0.37371954321861267,0.5812188982963562,0.47622615098953247,0.4303523004055023,0.47299644351005554,0.6261175870895386,0.6194137334823608,0.36530351638793945,0.6109165549278259,0.6620520949363708,0.7419151663780212,0.3472822606563568,0.7317071557044983,0.6475039720535278,0.7570079565048218,0.3696741461753845,0.7479048371315002,0.7080292701721191,0.7908849120140076,0.27759358286857605,0.7764098644256592
110,0.5305497646331787,0.19953852891921997,0.5470117926597595,0.18837577104568481,0.555565595626831,0.18906202912330627,0.564333975315094,0.19001057744026184,0.5165973901748657,0.18720126152038574,0.5065003633499146,0.18738813698291779,0.49758481979370117,0.18793733417987823,0.5784238576889038,0.19739796221256256,0.4874187409877777,0.19646306335926056,0.5491644740104675,0.21601726114749908,0.5132452845573425,0.21673086285591125,0.6516331434249878,0.2780456840991974,0.40600642561912537,0.2786983549594879,0.6957036256790161,0.3815862536430359,0.3459658622741699,0.37450724840164185,0.5633540749549866,0.39358505606651306,0.44456321001052856,0.38881048560142517,0.5264818668365479,0.39832690358161926,0.4788578748703003,0.3948999047279358,0.521912157535553,0.3801586925983429,0.49077361822128296,0.37503015995025635,0.528465986251831,0.37470579147338867,0.480641633272171,0.36928537487983704,0.5817080736160278,0.475664347410202,0.4306623339653015,0.47265496850013733,0.6233062744140625,0.6186985373497009,0.36735615134239197,0.6128488183021545,0.660507321357727,0.7414854168891907,0.3483535945415497,0.7316112518310547,0.6459233164787292,0.7568359971046448,0.370274156332016,0.7480035424232483,0.7076584696769714,0.7897056341171265,0.27677881717681885,0.776196300983429
111,0.5344570875167847,0.1969597488641739,0.5497336387634277,0.18579374253749847,0.5582062602043152,0.1866425722837448,0.5671899318695068,0.1877264678478241,0.5197777152061462,0.184392511844635,0.5089156627655029,0.18450306355953217,0.4997214376926422,0.1850101500749588,0.580188512802124,0.19612497091293335,0.48770764470100403,0.19467930495738983,0.5515047311782837,0.21394596993923187,0.5156052708625793,0.2141454666852951,0.6518131494522095,0.27760806679725647,0.4062806963920593,0.2785070538520813,0.6985794901847839,0.3801482915878296,0.34361162781715393,0.3745361864566803,0.5631908774375916,0.3886512815952301,0.445056676864624,0.38471004366874695,0.5263952016830444,0.39402785897254944,0.4796135127544403,0.3906903862953186,0.5207740664482117,0.37613314390182495,0.49146732687950134,0.3714531660079956,0.5276204943656921,0.3702905476093292,0.48125773668289185,0.36596381664276123,0.5824592113494873,0.47623151540756226,0.4310021996498108,0.47323158383369446,0.6217724680900574,0.6175386905670166,0.3691406846046448,0.6121838092803955,0.6585348844528198,0.7404082417488098,0.3487635552883148,0.7316566109657288,0.6446247696876526,0.7555786967277527,0.37009021639823914,0.748066246509552,0.7054752111434937,0.789488673210144,0.27678459882736206,0.7761943936347961
112,0.5345660448074341,0.19793790578842163,0.550005316734314,0.1864037662744522,0.5585447549819946,0.1873481273651123,0.567511260509491,0.18847250938415527,0.5199999809265137,0.18526382744312286,0.5092052817344666,0.1856180876493454,0.5001412034034729,0.18631525337696075,0.5807036757469177,0.1972188502550125,0.4880247414112091,0.19622573256492615,0.551904559135437,0.21470624208450317,0.5158929228782654,0.21501320600509644,0.652086079120636,0.2778888940811157,0.4065619707107544,0.279802531003952,0.699358344078064,0.3800707459449768,0.3416174352169037,0.3745851218700409,0.562924861907959,0.38843443989753723,0.44661006331443787,0.38316649198532104,0.5263506770133972,0.3931182324886322,0.4820859432220459,0.388504296541214,0.5202957987785339,0.3750709295272827,0.4934759736061096,0.36988162994384766,0.5273345112800598,0.36953648924827576,0.4830838143825531,0.36471688747406006,0.5836082696914673,0.47500500082969666,0.43161913752555847,0.4721166789531708,0.6233001947402954,0.615690290927887,0.37128153443336487,0.6102737188339233,0.6559573411941528,0.7400386929512024,0.34884387254714966,0.7313257455825806,0.6420314908027649,0.7554699182510376,0.36992573738098145,0.7480754852294922,0.703732967376709,0.7891848087310791,0.2764824330806732,0.7761147618293762
113,0.5343610048294067,0.19756034016609192,0.5499447584152222,0.1861015260219574,0.5585152506828308,0.18708209693431854,0.5674058198928833,0.18825818598270416,0.5199158787727356,0.1850460171699524,0.5092277526855469,0.18547287583351135,0.5001580119132996,0.1862584799528122,0.5806660056114197,0.19718824326992035,0.4879949390888214,0.19630184769630432,0.551734983921051,0.21461264789104462,0.5156932473182678,0.21486081182956696,0.6518735289573669,0.2788202464580536,0.4065988063812256,0.28096672892570496,0.7000389099121094,0.38079631328582764,0.3393050730228424,0.37543466687202454,0.5628163814544678,0.3891059160232544,0.44670242071151733,0.38538995385169983,0.5262683033943176,0.3921135365962982,0.48208194971084595,0.3896327316761017,0.5202831625938416,0.3736640512943268,0.4932411015033722,0.37020760774612427,0.5273247957229614,0.36898401379585266,0.48269540071487427,0.36587047576904297,0.5859606266021729,0.47511807084083557,0.4335266351699829,0.4719027876853943,0.6248113512992859,0.614709198474884,0.37268564105033875,0.6094560027122498,0.6550378203392029,0.74013751745224,0.3487316370010376,0.7313896417617798,0.6403754949569702,0.7555909752845764,0.36950546503067017,0.7480980157852173,0.7028360366821289,0.7893239855766296,0.2764993906021118,0.7763692140579224
114,0.5341312289237976,0.1974685937166214,0.5497933626174927,0.18618296086788177,0.5583851933479309,0.1871337890625,0.5672258734703064,0.18828333914279938,0.5197641253471375,0.1851675659418106,0.509152889251709,0.1856219321489334,0.5001090168952942,0.18642553687095642,0.5805737376213074,0.19718116521835327,0.48797041177749634,0.19655384123325348,0.5515694618225098,0.21459542214870453,0.5155168771743774,0.21494922041893005,0.6517197489738464,0.2788114845752716,0.4068535268306732,0.28103697299957275,0.7004660964012146,0.3800036609172821,0.3375934660434723,0.3748403489589691,0.5646258592605591,0.3881319463253021,0.44641631841659546,0.3852648437023163,0.5263381600379944,0.3909239172935486,0.48035764694213867,0.38989636301994324,0.5202942490577698,0.37339743971824646,0.4923951327800751,0.37149229645729065,0.5273382663726807,0.3685036301612854,0.48202261328697205,0.36693623661994934,0.5866059064865112,0.47572365403175354,0.4349488317966461,0.47226035594940186,0.625739336013794,0.6145734786987305,0.3731265366077423,0.6088480353355408,0.6545059084892273,0.7394819855690002,0.34907451272010803,0.7308691143989563,0.6388838887214661,0.7549511790275574,0.36940115690231323,0.7480390667915344,0.7021570801734924,0.7893561124801636,0.27643704414367676,0.7762579321861267
115,0.5339247584342957,0.19661730527877808,0.5496683120727539,0.18560203909873962,0.5582833886146545,0.1866026669740677,0.5670890808105469,0.1878800243139267,0.5196413993835449,0.18450814485549927,0.5090879201889038,0.18497872352600098,0.50006502866745,0.18582850694656372,0.5805115699768066,0.19725576043128967,0.48795413970947266,0.19652223587036133,0.5514150857925415,0.2140224426984787,0.5153571367263794,0.21417957544326782,0.6516517400741577,0.278829962015152,0.40694722533226013,0.2808755040168762,0.7004227042198181,0.37972208857536316,0.33717265725135803,0.3749130666255951,0.5655319094657898,0.3891274631023407,0.4464697241783142,0.38568979501724243,0.5264061093330383,0.3916783928871155,0.4803910553455353,0.3907986879348755,0.5205140709877014,0.3745220899581909,0.49241897463798523,0.37270593643188477,0.5278001427650452,0.36983177065849304,0.48202893137931824,0.3680862486362457,0.5877266526222229,0.4751480519771576,0.43630269169807434,0.4710944592952728,0.6264474391937256,0.6147079467773438,0.373886376619339,0.6070170998573303,0.653867244720459,0.7395397424697876,0.3490821123123169,0.7302289605140686,0.637633204460144,0.7548955678939819,0.36903417110443115,0.7476146817207336,0.7010602355003357,0.7894142270088196,0.27595168352127075,0.7760778069496155
116,0.533991277217865,0.19667285680770874,0.5497819185256958,0.185723215341568,0.558387815952301,0.18684469163417816,0.5672013163566589,0.18816477060317993,0.5197198987007141,0.184461310505867,0.5091776251792908,0.18497112393379211,0.5001624822616577,0.18586960434913635,0.5805920362472534,0.19777275621891022,0.4879379868507385,0.19679135084152222,0.5514494776725769,0.21438269317150116,0.5153294801712036,0.2143130898475647,0.6516119837760925,0.2786684036254883,0.4069500267505646,0.279946506023407,0.700080156326294,0.38030293583869934,0.3370542526245117,0.3749566376209259,0.5655909776687622,0.389528751373291,0.4467122256755829,0.3855392038822174,0.5262687802314758,0.39230138063430786,0.4807491600513458,0.39054062962532043,0.5205214023590088,0.37450721859931946,0.49261394143104553,0.3717480003833771,0.5279332995414734,0.3698619306087494,0.4820965826511383,0.36718928813934326,0.5879724025726318,0.4742382764816284,0.4371306598186493,0.47087690234184265,0.6268848776817322,0.6127341389656067,0.3744291663169861,0.6067742109298706,0.6526570916175842,0.7389299273490906,0.3491627871990204,0.7296034097671509,0.6354403495788574,0.7546719312667847,0.36895909905433655,0.7468681931495667,0.6993709802627563,0.7892977595329285,0.2757904827594757,0.7760388255119324
117,0.534025251865387,0.1969173401594162,0.5498414039611816,0.18605194985866547,0.5584610104560852,0.18725472688674927,0.5672695636749268,0.1885404735803604,0.5197402834892273,0.18458881974220276,0.5092141628265381,0.18504339456558228,0.5001892447471619,0.1858944147825241,0.5806426405906677,0.19812361896038055,0.48792752623558044,0.1966390758752823,0.5514680743217468,0.21465757489204407,0.5152739882469177,0.21443751454353333,0.6515102386474609,0.2788257896900177,0.4069313704967499,0.27955004572868347,0.7000650763511658,0.38018837571144104,0.3371565639972687,0.3749844431877136,0.568111002445221,0.38853132724761963,0.4467439353466034,0.3841158151626587,0.5284196138381958,0.3915427327156067,0.48078444600105286,0.3891376554965973,0.5225808620452881,0.3741079270839691,0.49279993772506714,0.37043631076812744,0.5304030776023865,0.3695160448551178,0.48230668902397156,0.3657272160053253,0.5878809094429016,0.4725080728530884,0.43719014525413513,0.46920955181121826,0.6270198822021484,0.610021710395813,0.3749335706233978,0.605275571346283,0.6514254808425903,0.7387092709541321,0.3491472899913788,0.7287408113479614,0.6336498856544495,0.7546420693397522,0.3686777949333191,0.7457504868507385,0.6987560987472534,0.7892338633537292,0.27554455399513245,0.7759562134742737