NOSE_x,NOSE_y,LEFT_EYE_INNER_x,LEFT_EYE_INNER_y,LEFT_EYE_x,LEFT_EYE_y,LEFT_EYE_OUTER_x,LEFT_EYE_OUTER_y,RIGHT_EYE_INNER_x,RIGHT_EYE_INNER_y,RIGHT_EYE_x,RIGHT_EYE_y,RIGHT_EYE_OUTER_x,RIGHT_EYE_OUTER_y,LEFT_EAR_x,LEFT_EAR_y,RIGHT_EAR_x,RIGHT_EAR_y,MOUTH_LEFT_x,MOUTH_LEFT_y,MOUTH_RIGHT_x,MOUTH_RIGHT_y,LEFT_SHOULDER_x,LEFT_SHOULDER_y,RIGHT_SHOULDER_x,RIGHT_SHOULDER_y,LEFT_ELBOW_x,LEFT_ELBOW_y,RIGHT_ELBOW_x,RIGHT_ELBOW_y,LEFT_WRIST_x,LEFT_WRIST_y,RIGHT_WRIST_x,RIGHT_WRIST_y,LEFT_PINKY_x,LEFT_PINKY_y,RIGHT_PINKY_x,RIGHT_PINKY_y,LEFT_INDEX_x,LEFT_INDEX_y,RIGHT_INDEX_x,RIGHT_INDEX_y,LEFT_THUMB_x,LEFT_THUMB_y,RIGHT_THUMB_x,RIGHT_THUMB_y,LEFT_HIP_x,LEFT_HIP_y,RIGHT_HIP_x,RIGHT_HIP_y,LEFT_KNEE_x,LEFT_KNEE_y,RIGHT_KNEE_x,RIGHT_KNEE_y,LEFT_ANKLE_x,LEFT_ANKLE_y,RIGHT_ANKLE_x,RIGHT_ANKLE_y,LEFT_HEEL_x,LEFT_HEEL_y,RIGHT_HEEL_x,RIGHT_HEEL_y,LEFT_FOOT_INDEX_x,LEFT_FOOT_INDEX_y,RIGHT_FOOT_INDEX_x,RIGHT_FOOT_INDEX_y
0.5356374382972717,0.28006282448768616,0.5513506531715393,0.26683539152145386,0.5560111999511719,0.26687800884246826,0.5609291791915894,0.26682358980178833,0.5474241971969604,0.26667869091033936,0.5491743087768555,0.2665577828884125,0.5513795018196106,0.26637640595436096,0.5944010615348816,0.2717932164669037,0.5835368037223816,0.2710952162742615,0.5498322248458862,0.29329630732536316,0.5447754859924316,0.29318222403526306,0.6418227553367615,0.3476983904838562,0.6109896898269653,0.3546674847602844,0.6067650318145752,0.45813462138175964,0.5745213031768799,0.4543660581111908,0.5381080508232117,0.5536872148513794,0.5348455905914307,0.5403921604156494,0.5308884978294373,0.5845479369163513,0.5180531740188599,0.5694285035133362,0.5124526023864746,0.5823052525520325,0.5155250430107117,0.5715636610984802,0.5132224559783936,0.5725669860839844,0.5210042595863342,0.563162088394165,0.5939342975616455,0.5512980818748474,0.5803428888320923,0.5500129461288452,0.5832843780517578,0.7044458389282227,0.5770705342292786,0.6915811896324158,0.6065118908882141,0.845223605632782,0.6037917137145996,0.7968923449516296,0.6318919062614441,0.8703536987304688,0.6299121379852295,0.8142492175102234,0.488947331905365,0.8767826557159424,0.508667528629303,0.8219932317733765
0.5348519682884216,0.2801530957221985,0.5502878427505493,0.2669585049152374,0.5549398064613342,0.2669944763183594,0.5598716735839844,0.26694950461387634,0.5463925004005432,0.2667836546897888,0.548157274723053,0.266641765832901,0.5504141449928284,0.26643654704093933,0.5934526324272156,0.2720490097999573,0.5828045606613159,0.2712201476097107,0.5490778684616089,0.2933943569660187,0.5440369248390198,0.2932748794555664,0.64149010181427,0.3477385342121124,0.6108316779136658,0.3546804189682007,0.6080304980278015,0.4579893946647644,0.5761686563491821,0.4544048011302948,0.5408215522766113,0.5537768006324768,0.5359667539596558,0.5405389666557312,0.5355165004730225,0.5846036672592163,0.5194936394691467,0.5695311427116394,0.5154772996902466,0.5823740363121033,0.5167014598846436,0.5716345906257629,0.5159170031547546,0.5726454854011536,0.5216382741928101,0.5633152723312378,0.5955652594566345,0.5516195893287659,0.5817885994911194,0.5504490733146667,0.5836300849914551,0.704413652420044,0.5772318840026855,0.6915064454078674,0.606288492679596,0.845486044883728,0.6037787199020386,0.7969968318939209,0.6317732930183411,0.8704438805580139,0.6299642324447632,0.8144712448120117,0.48874688148498535,0.8767841458320618,0.5087940096855164,0.8231883645057678
0.5341541171073914,0.2800733745098114,0.5495033264160156,0.2669183015823364,0.5541697144508362,0.26695919036865234,0.5591188073158264,0.26694393157958984,0.5455882549285889,0.2667412757873535,0.5473695993423462,0.26659390330314636,0.549656331539154,0.26638662815093994,0.5927823185920715,0.2720957398414612,0.5820805430412292,0.2712269425392151,0.5489028692245483,0.2933381199836731,0.5439490675926208,0.29321181774139404,0.6410403847694397,0.34782320261001587,0.6103538870811462,0.3547239303588867,0.6091941595077515,0.45818889141082764,0.5766521692276001,0.45450538396835327,0.5431185364723206,0.5538406372070312,0.5371138453483582,0.5407857894897461,0.5386411547660828,0.5846369862556458,0.5211968421936035,0.5695577263832092,0.5184279680252075,0.5824388265609741,0.5184754133224487,0.5716843008995056,0.5186159014701843,0.5726824998855591,0.5230081081390381,0.5634574294090271,0.5977534055709839,0.5519994497299194,0.5839184522628784,0.5506570339202881,0.584251344203949,0.7045462727546692,0.5776243805885315,0.6913394927978516,0.6059209704399109,0.8459075093269348,0.6036829352378845,0.7963305115699768,0.631525993347168,0.8711536526679993,0.6295618414878845,0.8128407597541809,0.4881592392921448,0.876799464225769,0.5087600946426392,0.8225466012954712
0.5314062237739563,0.28001469373703003,0.5465183258056641,0.2667892277240753,0.550645649433136,0.2668149769306183,0.5550943613052368,0.26679471135139465,0.5438286066055298,0.26661115884780884,0.5458869934082031,0.2664581537246704,0.5483728647232056,0.266238808631897,0.5885376930236816,0.2721417248249054,0.5798946022987366,0.2712121605873108,0.5442071557044983,0.2931878864765167,0.540459394454956,0.29315873980522156,0.6407137513160706,0.3477550446987152,0.6101294755935669,0.3547567129135132,0.6098574995994568,0.4582063555717468,0.5796642303466797,0.4546860456466675,0.5440514087677002,0.5537590384483337,0.5421838760375977,0.5409891605377197,0.5393539071083069,0.5846606492996216,0.5269520878791809,0.5706077814102173,0.5195927023887634,0.5824754238128662,0.52508544921875,0.5729945302009583,0.5198239684104919,0.5727493762969971,0.5289549827575684,0.563906729221344,0.5992960929870605,0.5524188280105591,0.586677074432373,0.550984799861908,0.5845088362693787,0.7050018906593323,0.5787609219551086,0.6914440989494324,0.6052312850952148,0.8466103076934814,0.6035648584365845,0.7963399887084961,0.6307128071784973,0.8718311786651611,0.6294950246810913,0.8131498098373413,0.48724228143692017,0.8768993020057678,0.5087942481040955,0.8224185705184937
0.5259736180305481,0.2806476354598999,0.5402727723121643,0.2672273516654968,0.5444848537445068,0.26720383763313293,0.5489761829376221,0.2671293616294861,0.5376571416854858,0.2671686112880707,0.539745569229126,0.267049640417099,0.5423022508621216,0.26683029532432556,0.5828842520713806,0.2725386321544647,0.5739551782608032,0.27176129817962646,0.5386537909507751,0.29372501373291016,0.535135805606842,0.2938157021999359,0.6397996544837952,0.34769678115844727,0.6083035469055176,0.35479480028152466,0.6103208661079407,0.45825397968292236,0.5811682939529419,0.4548259675502777,0.5456886291503906,0.5537541508674622,0.5426139831542969,0.5410747528076172,0.5409240126609802,0.584679365158081,0.5269900560379028,0.5705394148826599,0.5215084552764893,0.5825169682502747,0.5249912142753601,0.5728781223297119,0.5215252637863159,0.5728054642677307,0.5290378928184509,0.5639077425003052,0.602121889591217,0.5523762106895447,0.5887980461120605,0.550905168056488,0.5847465991973877,0.7047621607780457,0.5787873268127441,0.690540075302124,0.6050286293029785,0.8465827107429504,0.6025350689888,0.7945180535316467,0.6297944188117981,0.8718574643135071,0.6280261278152466,0.8105658292770386,0.48670434951782227,0.8768990635871887,0.5088679194450378,0.8208544254302979
0.5168212056159973,0.281473845243454,0.5308284759521484,0.2681199610233307,0.5352766513824463,0.2679833173751831,0.5402435064315796,0.2678169310092926,0.5278311967849731,0.268229603767395,0.5295833349227905,0.26812759041786194,0.5319216251373291,0.2678760290145874,0.5748776197433472,0.27297672629356384,0.5656754970550537,0.2726122736930847,0.5306205153465271,0.2943587601184845,0.5268046855926514,0.294577956199646,0.6384237408638,0.3474314510822296,0.6071783900260925,0.3548298478126526,0.6102660894393921,0.45829057693481445,0.5845211148262024,0.455890953540802,0.5468603372573853,0.5533425807952881,0.5435144901275635,0.5423384308815002,0.5414869785308838,0.5846935510635376,0.5280307531356812,0.571873664855957,0.5226210355758667,0.5825389623641968,0.525579571723938,0.574072003364563,0.5227434635162354,0.5728451609611511,0.5295246243476868,0.5648288130760193,0.6074390411376953,0.5526202321052551,0.5914807915687561,0.5511969327926636,0.5864387154579163,0.7051852941513062,0.5790783762931824,0.6905513405799866,0.6049407124519348,0.846844494342804,0.6020209789276123,0.7945764660835266,0.6292070150375366,0.8722587823867798,0.6280266046524048,0.8107547163963318,0.4846523106098175,0.8776445984840393,0.5088956952095032,0.8208852410316467
0.5099291801452637,0.2841697037220001,0.5233199596405029,0.27105236053466797,0.5276157855987549,0.2708064615726471,0.532614529132843,0.27044248580932617,0.5198467969894409,0.27124592661857605,0.5212222337722778,0.2710900604724884,0.5230414867401123,0.27076342701911926,0.5670432448387146,0.2746281027793884,0.5567154884338379,0.274589866399765,0.5244746804237366,0.29658517241477966,0.5205113887786865,0.2969222366809845,0.6320723295211792,0.34745702147483826,0.6070737838745117,0.35488665103912354,0.6089815497398376,0.4583026170730591,0.5869191884994507,0.45699968934059143,0.5470994114875793,0.55336993932724,0.5498338937759399,0.5454237461090088,0.5415458679199219,0.5847151875495911,0.5342063903808594,0.573682963848114,0.5240148901939392,0.582703709602356,0.5311272144317627,0.5758594274520874,0.5243099927902222,0.5729357600212097,0.5343666672706604,0.5666388869285583,0.6110419034957886,0.5528908371925354,0.5999318361282349,0.5515586137771606,0.586649477481842,0.7056639790534973,0.5802462697029114,0.6912155747413635,0.6049365401268005,0.8480173945426941,0.6022336483001709,0.7967462539672852,0.6287232637405396,0.873164713382721,0.6284293532371521,0.8135077357292175,0.4839411973953247,0.8783919215202332,0.5090033411979675,0.8214412331581116
0.5022581815719604,0.28794124722480774,0.5144231915473938,0.2750750780105591,0.5187040567398071,0.27467235922813416,0.5234227776527405,0.27419573068618774,0.5107676982879639,0.2752637267112732,0.512251079082489,0.2749294340610504,0.5140312910079956,0.27448564767837524,0.5576823353767395,0.27682098746299744,0.546831488609314,0.27726349234580994,0.5179623961448669,0.29983922839164734,0.5140045285224915,0.30030956864356995,0.6252864599227905,0.34794914722442627,0.6069748401641846,0.35599038004875183,0.6063616275787354,0.4588043987751007,0.5927041172981262,0.45941007137298584,0.546917736530304,0.5551639795303345,0.5566530227661133,0.5502756237983704,0.5414224863052368,0.5867908000946045,0.5408161282539368,0.5772037506103516,0.5244124531745911,0.5852031707763672,0.5377548336982727,0.5797602534294128,0.5250627994537354,0.5751628279685974,0.5403823852539062,0.5705745816230774,0.6125428676605225,0.5539486408233643,0.60578852891922,0.552648663520813,0.5869103670120239,0.7073031663894653,0.5822728276252747,0.6918532848358154,0.6047509908676147,0.8492717742919922,0.6022351980209351,0.7970162034034729,0.628659188747406,0.8737995624542236,0.6284379363059998,0.8141466379165649,0.4839566946029663,0.8790775537490845,0.5090206861495972,0.8220340013504028
0.4909578561782837,0.29355576634407043,0.5016583204269409,0.280495822429657,0.5062320828437805,0.27982547879219055,0.5112462639808655,0.27910250425338745,0.49799031019210815,0.28068944811820984,0.49946948885917664,0.28014031052589417,0.5013214945793152,0.2795340120792389,0.5464869141578674,0.2805352509021759,0.5328968167304993,0.28145650029182434,0.5079710483551025,0.3042127192020416,0.5029266476631165,0.30489304661750793,0.6207851767539978,0.34796372056007385,0.6017257571220398,0.356266051530838,0.6035187840461731,0.4594789445400238,0.5914262533187866,0.4605507254600525,0.5456035137176514,0.5574514865875244,0.5553447008132935,0.5540772676467896,0.54035484790802,0.5877935290336609,0.5397278666496277,0.5792298913002014,0.524351179599762,0.5863001942634583,0.5366694331169128,0.5812527537345886,0.5250183939933777,0.5766116976737976,0.5396130681037903,0.5730140209197998,0.6158273816108704,0.554768979549408,0.6054270267486572,0.55350661277771,0.5873445272445679,0.7095113396644592,0.5823271870613098,0.6941453814506531,0.6046863794326782,0.8495835661888123,0.6020172834396362,0.8017920851707458,0.6286758184432983,0.874187171459198,0.6278152465820312,0.8321864008903503,0.48441579937934875,0.8796478509902954,0.508497953414917,0.8255527019500732
0.4742615222930908,0.29899924993515015,0.4832085072994232,0.28617793321609497,0.4873597323894501,0.28536131978034973,0.4921416640281677,0.2843913733959198,0.4807465076446533,0.28631553053855896,0.4828210473060608,0.28565713763237,0.48535674810409546,0.28482264280319214,0.528826117515564,0.2849862277507782,0.5199484825134277,0.2857367694377899,0.4925064742565155,0.3091932535171509,0.4896230697631836,0.30962783098220825,0.6096107959747314,0.3489755094051361,0.601751446723938,0.3562929332256317,0.5958303213119507,0.4603096842765808,0.5963849425315857,0.460578054189682,0.543488085269928,0.5609098076820374,0.557985782623291,0.557607114315033,0.5382736325263977,0.5905778408050537,0.5442430377006531,0.5831494927406311,0.5235470533370972,0.5895370841026306,0.5399589538574219,0.5854247212409973,0.5244432091712952,0.5803455710411072,0.5419355034828186,0.5767198801040649,0.6167389750480652,0.555383563041687,0.6092237234115601,0.5537400841712952,0.5884353518486023,0.7125133872032166,0.583918035030365,0.6978645324707031,0.6043283939361572,0.849876344203949,0.601854145526886,0.8088800311088562,0.6284802556037903,0.8749567866325378,0.6271101832389832,0.8370078206062317,0.4844341278076172,0.8796178698539734,0.5047404170036316,0.8313446044921875
0.4598112106323242,0.3089763820171356,0.46506842970848083,0.2953665554523468,0.46918001770973206,0.29421550035476685,0.4737699627876282,0.29303866624832153,0.462818443775177,0.29579487442970276,0.4648713171482086,0.2950531244277954,0.46747690439224243,0.29422426223754883,0.5113237500190735,0.2915024161338806,0.5036947131156921,0.29261380434036255,0.48033469915390015,0.31893548369407654,0.4782944917678833,0.3194815516471863,0.596283495426178,0.3498827815055847,0.6042495369911194,0.35735180974006653,0.5815003514289856,0.4600737988948822,0.6124244928359985,0.46127521991729736,0.5399697422981262,0.5624907612800598,0.5644322037696838,0.5575175881385803,0.5343005657196045,0.5926260352134705,0.55131596326828,0.5829308032989502,0.5220335125923157,0.5927784442901611,0.545407235622406,0.5853134393692017,0.5234854817390442,0.5834224820137024,0.5465661883354187,0.5764886736869812,0.6193822622299194,0.5553675293922424,0.6181321144104004,0.5535776615142822,0.5896891951560974,0.7123600244522095,0.5880759358406067,0.697539746761322,0.6030493378639221,0.8498000502586365,0.601877748966217,0.8090659379959106,0.6267926692962646,0.87503582239151,0.6263478994369507,0.8337768912315369,0.48415878415107727,0.8777262568473816,0.5048667788505554,0.8306050896644592
0.4462231397628784,0.3161287009716034,0.4521937966346741,0.3016352951526642,0.456631600856781,0.3004034757614136,0.46153903007507324,0.2991528809070587,0.44882506132125854,0.30215877294540405,0.4503798186779022,0.301426500082016,0.45238545536994934,0.30064478516578674,0.49789857864379883,0.2971664071083069,0.490230917930603,0.29851052165031433,0.46841704845428467,0.3264424204826355,0.46542057394981384,0.32705453038215637,0.5797911286354065,0.3521995544433594,0.6018279194831848,0.35780617594718933,0.5699813365936279,0.4602024257183075,0.6132804751396179,0.4616546928882599,0.5387489199638367,0.5648019313812256,0.5674837827682495,0.5576196908950806,0.5336165428161621,0.5944649577140808,0.5581470727920532,0.5837713479995728,0.5217747688293457,0.5950170159339905,0.5501998662948608,0.5864075422286987,0.5234258770942688,0.5857657194137573,0.5517448782920837,0.5770092606544495,0.6207507252693176,0.5552144646644592,0.624203085899353,0.5532935857772827,0.5916271805763245,0.7109573483467102,0.5914328098297119,0.6927376389503479,0.6010400652885437,0.8498048186302185,0.6018924713134766,0.8080989122390747,0.6224461793899536,0.875010073184967,0.6265164613723755,0.8327103853225708,0.48320308327674866,0.8765607476234436,0.5050243139266968,0.8273808360099792
0.432698130607605,0.3331807851791382,0.4354398548603058,0.3179798722267151,0.43948328495025635,0.31669947504997253,0.4441951513290405,0.3153710663318634,0.431842565536499,0.31836456060409546,0.43293631076812744,0.3175317049026489,0.434529185295105,0.3166009783744812,0.4794091582298279,0.31023457646369934,0.47155559062957764,0.31077030301094055,0.4570205807685852,0.34202367067337036,0.4533075988292694,0.342753529548645,0.5678060054779053,0.35716012120246887,0.5901260375976562,0.3591528534889221,0.5612808465957642,0.4632425010204315,0.6111959218978882,0.4609861373901367,0.5371295809745789,0.5677942633628845,0.5699729919433594,0.5570032000541687,0.5323296189308167,0.5980416536331177,0.5586305856704712,0.5832952857017517,0.521336019039154,0.5992645621299744,0.5521773099899292,0.5859281420707703,0.5234039425849915,0.5898392200469971,0.5545932054519653,0.5766440629959106,0.6251213550567627,0.5523974895477295,0.6317921876907349,0.5503849387168884,0.593361496925354,0.7063157558441162,0.6005253195762634,0.6865585446357727,0.6008052825927734,0.8493468761444092,0.6050481200218201,0.8074761033058167,0.6213709115982056,0.8749995827674866,0.629191517829895,0.8329643607139587,0.4812717139720917,0.8732005953788757,0.5062443017959595,0.8264992833137512
0.41707780957221985,0.3462238907814026,0.41576334834098816,0.3317628502845764,0.4196718633174896,0.3302839696407318,0.42425286769866943,0.32873091101646423,0.4120293855667114,0.33245986700057983,0.4132276773452759,0.3315909206867218,0.4150366187095642,0.33060556650161743,0.46060729026794434,0.3199746906757355,0.4512576162815094,0.3215600550174713,0.4456816613674164,0.3531200587749481,0.4423617422580719,0.353741317987442,0.5611652135848999,0.36314770579338074,0.573188841342926,0.3636520504951477,0.5550966858863831,0.4704110026359558,0.6020057797431946,0.46646979451179504,0.5338610410690308,0.5724914073944092,0.5604677796363831,0.5617338418960571,0.5296195149421692,0.6022517085075378,0.5525208711624146,0.5873931646347046,0.5210654139518738,0.6038461923599243,0.5487281680107117,0.5889254212379456,0.5233811736106873,0.5936762094497681,0.5526300072669983,0.5791314244270325,0.6358166933059692,0.551374614238739,0.6351431608200073,0.5477954149246216,0.6014761924743652,0.7041427493095398,0.6060425043106079,0.6833136677742004,0.6008204221725464,0.8483214974403381,0.6053850650787354,0.8070176243782043,0.6215457320213318,0.8750514984130859,0.6253682971000671,0.8291597962379456,0.4769485592842102,0.8733789920806885,0.5041237473487854,0.8252871632575989
0.4032982289791107,0.36151543259620667,0.39785119891166687,0.34722641110420227,0.4018951654434204,0.34568363428115845,0.4063441753387451,0.34382525086402893,0.3949531316757202,0.34768980741500854,0.3965453505516052,0.3466339707374573,0.3987782597541809,0.34533312916755676,0.4432789087295532,0.3327507972717285,0.43596670031547546,0.3349195420742035,0.43381306529045105,0.36791011691093445,0.4309776723384857,0.3687992990016937,0.5426369309425354,0.3706677258014679,0.563291072845459,0.3714504539966583,0.545814037322998,0.4774347245693207,0.5992742776870728,0.47339969873428345,0.52569979429245,0.5771256685256958,0.5571834444999695,0.5647572875022888,0.5245539546012878,0.6087062954902649,0.5515400767326355,0.5900633335113525,0.5166898369789124,0.6108461618423462,0.5469921827316284,0.5924149751663208,0.5196478962898254,0.5998629927635193,0.5515061616897583,0.5814282894134521,0.6384928226470947,0.5514956712722778,0.6433806419372559,0.5475577116012573,0.6106442809104919,0.7043428421020508,0.6126430630683899,0.6837543845176697,0.5991336703300476,0.8482298254966736,0.6053690314292908,0.8076227903366089,0.6194453239440918,0.8745476007461548,0.6233037710189819,0.8288962841033936,0.4756801426410675,0.8734108209609985,0.49840211868286133,0.8265244364738464
0.3953360617160797,0.3785249590873718,0.3858630955219269,0.36454230546951294,0.3889741003513336,0.36280959844589233,0.39264556765556335,0.3606998324394226,0.3843422830104828,0.3648931384086609,0.38594162464141846,0.3636196255683899,0.3883088529109955,0.36194875836372375,0.4281531274318695,0.3484012186527252,0.42377033829689026,0.34983089566230774,0.42508819699287415,0.3828068971633911,0.42410895228385925,0.3841511905193329,0.537195086479187,0.3805012106895447,0.5522833466529846,0.38143056631088257,0.5344591736793518,0.4917977452278137,0.5779013633728027,0.489901065826416,0.5136288404464722,0.5917839407920837,0.5409517884254456,0.5738770365715027,0.5160555839538574,0.6226792931556702,0.5342434644699097,0.6027103662490845,0.5100518465042114,0.6247350573539734,0.5316003561019897,0.6048170924186707,0.5131524205207825,0.614772379398346,0.5372699499130249,0.5925525426864624,0.6563366651535034,0.5528685450553894,0.6503221392631531,0.5474361777305603,0.6125077605247498,0.7047598361968994,0.6146451234817505,0.6833544373512268,0.5989015102386475,0.8482404351234436,0.6053400039672852,0.8073214888572693,0.619642436504364,0.8748233914375305,0.6228962540626526,0.8254365921020508,0.47580939531326294,0.8734549880027771,0.4974898099899292,0.8257312178611755
0.3853338360786438,0.3905391991138458,0.374930739402771,0.37726253271102905,0.3776451349258423,0.3756619095802307,0.38080665469169617,0.37383052706718445,0.37366724014282227,0.3776537775993347,0.375094473361969,0.3764500021934509,0.377032071352005,0.37495145201683044,0.41523274779319763,0.3619422912597656,0.41029828786849976,0.3628607988357544,0.413870632648468,0.3936314582824707,0.41329944133758545,0.3947005271911621,0.5289473533630371,0.39226970076560974,0.5358076691627502,0.38964560627937317,0.5243212580680847,0.5068147778511047,0.5607996582984924,0.49951377511024475,0.5102716088294983,0.6049203872680664,0.5247871279716492,0.5875173211097717,0.51400226354599,0.636846661567688,0.5196279883384705,0.618560791015625,0.5084394216537476,0.638724148273468,0.5213049650192261,0.620610237121582,0.5117607116699219,0.6274064779281616,0.5278222560882568,0.6083171367645264,0.6717727184295654,0.5578317642211914,0.6564804911613464,0.5479000210762024,0.6189442276954651,0.7074838280677795,0.6171479821205139,0.6833890080451965,0.5964139103889465,0.8486515283584595,0.6048311591148376,0.8059500455856323,0.6178707480430603,0.8777175545692444,0.619146466255188,0.8238222599029541,0.47527822852134705,0.8724313974380493,0.49940407276153564,0.8211029171943665
0.37925228476524353,0.4105668365955353,0.364028662443161,0.39671599864959717,0.3659047782421112,0.39487236738204956,0.3682301342487335,0.3928694725036621,0.36421144008636475,0.3970068395137787,0.3657846748828888,0.39559081196784973,0.3676520884037018,0.3940131366252899,0.40142518281936646,0.3783279359340668,0.39762431383132935,0.38041406869888306,0.406743586063385,0.41167548298835754,0.4071958065032959,0.41261914372444153,0.5147448182106018,0.40174588561058044,0.5250440835952759,0.4033373296260834,0.5042270421981812,0.5199607610702515,0.5459585189819336,0.519161581993103,0.5054654479026794,0.6196177005767822,0.5174035429954529,0.6108774542808533,0.5109653472900391,0.6500130891799927,0.5095540285110474,0.6410895586013794,0.503764808177948,0.6522043347358704,0.5103932619094849,0.6432626843452454,0.5051854848861694,0.6407422423362732,0.5170188546180725,0.6311134696006775,0.6830757856369019,0.5611675381660461,0.6634132266044617,0.5530256628990173,0.623125433921814,0.7104383707046509,0.622693657875061,0.68693608045578,0.5963988304138184,0.8489077687263489,0.6038188934326172,0.8124982118606567,0.6179550886154175,0.8794967532157898,0.6146455407142639,0.8349506258964539,0.47421982884407043,0.8724692463874817,0.49561744928359985,0.8281633853912354
0.37535858154296875,0.43294912576675415,0.3540809452533722,0.417248398065567,0.35582780838012695,0.4148992896080017,0.3582279682159424,0.41253337264060974,0.35447847843170166,0.418021559715271,0.3561334013938904,0.41634806990623474,0.3581790626049042,0.4146645963191986,0.39087167382240295,0.3960247039794922,0.38766464591026306,0.3989420533180237,0.4038935601711273,0.4321237802505493,0.4041918218135834,0.43316423892974854,0.5004384517669678,0.41222137212753296,0.5096836090087891,0.41597065329551697,0.497373104095459,0.5307326912879944,0.5301693081855774,0.529552698135376,0.5044553279876709,0.6316547393798828,0.5144938826560974,0.6216946840286255,0.5115543007850647,0.6601401567459106,0.5070109367370605,0.6533653140068054,0.5028194785118103,0.663629412651062,0.505717933177948,0.6571384072303772,0.5035918354988098,0.6535220742225647,0.511607825756073,0.6455457210540771,0.6915233731269836,0.5658891797065735,0.6692999601364136,0.5616217255592346,0.6296987533569336,0.7169641256332397,0.6285498142242432,0.6986636519432068,0.5941473841667175,0.8505931496620178,0.6014050245285034,0.8206013441085815,0.6167405247688293,0.8807669878005981,0.611343502998352,0.8456180095672607,0.4712693989276886,0.8728557825088501,0.49455729126930237,0.8383565545082092
0.36951515078544617,0.45079201459884644,0.3474472165107727,0.4375729560852051,0.3491491973400116,0.43539413809776306,0.3513309955596924,0.43306463956832886,0.34690093994140625,0.43860891461372375,0.3479709029197693,0.43736356496810913,0.3493979573249817,0.43613046407699585,0.37872132658958435,0.41508033871650696,0.3739723265171051,0.4191734492778778,0.4008202850818634,0.45059436559677124,0.4009864628314972,0.45183414220809937,0.498953253030777,0.4226781129837036,0.488035649061203,0.42738160490989685,0.49791693687438965,0.547096312046051,0.5154781937599182,0.544546902179718,0.5033745765686035,0.6453562378883362,0.5092159509658813,0.6378988027572632,0.51216059923172,0.6716322302818298,0.5037356615066528,0.6655063629150391,0.500252366065979,0.6753637790679932,0.5007595419883728,0.66922926902771,0.5005765557289124,0.6656729578971863,0.5054631233215332,0.6589516401290894,0.7039148211479187,0.5673608779907227,0.6685391068458557,0.5661871433258057,0.6320956945419312,0.7160546779632568,0.6255329847335815,0.6982693076133728,0.5939514636993408,0.8505591154098511,0.5982838869094849,0.8197622299194336,0.616843581199646,0.8804325461387634,0.6093450784683228,0.8441670536994934,0.47151419520378113,0.8724623322486877,0.4922618865966797,0.8367182612419128
0.3588038384914398,0.4680992364883423,0.34014415740966797,0.456102579832077,0.3422752022743225,0.4539147913455963,0.34500113129615784,0.4514339864253998,0.33865514397621155,0.4568707346916199,0.3393920063972473,0.45556509494781494,0.34042471647262573,0.4541243016719818,0.3748220205307007,0.4317725896835327,0.36690378189086914,0.4369135797023773,0.39411216974258423,0.466932088136673,0.39374247193336487,0.46845677495002747,0.48996034264564514,0.4402470886707306,0.4737027585506439,0.4444562494754791,0.5,0.5643232464790344,0.5114213824272156,0.5556414723396301,0.5018008947372437,0.666368305683136,0.5087928771972656,0.6453516483306885,0.5066313743591309,0.6948131322860718,0.5065285563468933,0.6757391691207886,0.4938216507434845,0.698372483253479,0.501434862613678,0.6816321611404419,0.4953301250934601,0.687843918800354,0.5060014128684998,0.6688951253890991,0.7061811089515686,0.5718517899513245,0.6674771308898926,0.5730361342430115,0.6308114528656006,0.7159526348114014,0.6240435242652893,0.6991904377937317,0.5891660451889038,0.850531280040741,0.594487726688385,0.8208439946174622,0.6069852709770203,0.8743125200271606,0.6044257879257202,0.8459262847900391,0.4697607457637787,0.8725296258926392,0.4803023040294647,0.8433243036270142
0.36039870977401733,0.48398879170417786,0.3408556282520294,0.4738117754459381,0.3424985706806183,0.471706360578537,0.3447197377681732,0.4693205654621124,0.33993834257125854,0.4739443063735962,0.34063804149627686,0.4722256660461426,0.3415919542312622,0.47033652663230896,0.3702388107776642,0.45098015666007996,0.3640125095844269,0.45392513275146484,0.39374303817749023,0.480999618768692,0.3924557864665985,0.481751024723053,0.4794694185256958,0.45643922686576843,0.4669959843158722,0.45531442761421204,0.49613919854164124,0.58465975522995,0.5001026391983032,0.5702784657478333,0.5021325349807739,0.6891248822212219,0.5082210302352905,0.6618945598602295,0.5018991231918335,0.7178621292114258,0.5047485828399658,0.6902585625648499,0.4915384352207184,0.7211058139801025,0.5006079077720642,0.6959099173545837,0.49431294202804565,0.7108637094497681,0.5058667063713074,0.6849229335784912,0.7080726623535156,0.5763488411903381,0.6720563769340515,0.5757092833518982,0.6350842714309692,0.7173887491226196,0.6264572739601135,0.7021983861923218,0.5852308869361877,0.8510028123855591,0.5901603698730469,0.8215447664260864,0.6023555397987366,0.8738409280776978,0.6012493371963501,0.8458389639854431,0.466485857963562,0.8725768327713013,0.4797765612602234,0.8414800763130188
0.353318989276886,0.5009728670120239,0.33482417464256287,0.49000284075737,0.3362275958061218,0.4881156086921692,0.33808544278144836,0.48593780398368835,0.3341847360134125,0.4902430772781372,0.33497509360313416,0.48872217535972595,0.3359306752681732,0.48692628741264343,0.36335673928260803,0.46816590428352356,0.35820236802101135,0.47010883688926697,0.38343265652656555,0.49869877099990845,0.38299280405044556,0.4993017613887787,0.4690025746822357,0.4747811555862427,0.46484264731407166,0.4720920920372009,0.49272868037223816,0.6067149639129639,0.4996175169944763,0.584720253944397,0.5009588599205017,0.707429826259613,0.5075639486312866,0.6795835494995117,0.49777328968048096,0.7372628450393677,0.5042760372161865,0.7026519775390625,0.48799341917037964,0.7393669486045837,0.5002601146697998,0.7061682343482971,0.49122920632362366,0.7296470403671265,0.5056336522102356,0.6983914971351624,0.7150583863258362,0.5759566426277161,0.6771923899650574,0.5743380784988403,0.6386156678199768,0.7167097926139832,0.6258346438407898,0.7019921541213989,0.5843241810798645,0.8514192700386047,0.5687664747238159,0.8203744888305664,0.5997956991195679,0.8727366924285889,0.5868691205978394,0.8448457717895508,0.4646517336368561,0.871845543384552,0.4753638803958893,0.8400915861129761
0.3507276177406311,0.5181987881660461,0.33217889070510864,0.5066110491752625,0.3337901830673218,0.5046460032463074,0.33575958013534546,0.5023750066757202,0.33081164956092834,0.5069512724876404,0.3312877416610718,0.5054449439048767,0.3318236172199249,0.5036889910697937,0.3601173162460327,0.48536601662635803,0.3529049754142761,0.4880005419254303,0.3805393874645233,0.5155797600746155,0.3793681859970093,0.5161749720573425,0.46428635716438293,0.4920901358127594,0.4647001624107361,0.4869057834148407,0.49221253395080566,0.6204639673233032,0.4959217309951782,0.5978989005088806,0.5014364123344421,0.7215336561203003,0.5068187117576599,0.6965201497077942,0.4978630840778351,0.7499599456787109,0.5038447976112366,0.718580961227417,0.4881986975669861,0.7530867457389832,0.4987790584564209,0.722222626209259,0.49122923612594604,0.742963969707489,0.5024956464767456,0.7122594714164734,0.7211974263191223,0.5762979984283447,0.6818661689758301,0.5757666230201721,0.6461151242256165,0.71365886926651,0.6250761151313782,0.6980684995651245,0.5832899212837219,0.8478578329086304,0.5671459436416626,0.8201737999916077,0.5998421907424927,0.8702738881111145,0.5881925821304321,0.843688428401947,0.46435534954071045,0.8716020584106445,0.4768400490283966,0.8327366709709167
0.3423921763896942,0.5333021879196167,0.32612836360931396,0.5215315818786621,0.32796937227249146,0.5195611715316772,0.32996076345443726,0.5172924399375916,0.32451045513153076,0.5221825838088989,0.3250811696052551,0.5208307504653931,0.32557693123817444,0.519192636013031,0.3539520502090454,0.5007135272026062,0.34699225425720215,0.5028651356697083,0.37230491638183594,0.5299832224845886,0.3708793818950653,0.5307956337928772,0.46080613136291504,0.5073294639587402,0.4625864028930664,0.4949260354042053,0.48862603306770325,0.6320989727973938,0.49674683809280396,0.6063804030418396,0.5017573833465576,0.733966052532196,0.5084131360054016,0.7061682343482971,0.49821510910987854,0.7615358233451843,0.5041319131851196,0.7270673513412476,0.48828521370887756,0.7657567262649536,0.4999653995037079,0.729546844959259,0.4911048710346222,0.7563831806182861,0.5037331581115723,0.7213441729545593,0.7263879776000977,0.5759823322296143,0.6886034607887268,0.5748318433761597,0.6455424427986145,0.7132076621055603,0.6240121722221375,0.6958850026130676,0.582430362701416,0.8475298285484314,0.567325234413147,0.8201452493667603,0.5983460545539856,0.8687717318534851,0.5900722146034241,0.8449792265892029,0.46079185605049133,0.8711696863174438,0.47815099358558655,0.8424778580665588
0.34069347381591797,0.5481341481208801,0.3240092098712921,0.5356813669204712,0.3257262110710144,0.5336874127388,0.3274167478084564,0.5315074324607849,0.322361022233963,0.5359286069869995,0.322971910238266,0.5342132449150085,0.32353127002716064,0.5321573615074158,0.35069212317466736,0.5162709355354309,0.3450804650783539,0.5164945125579834,0.36794325709342957,0.5444778203964233,0.3675519526004791,0.5450542569160461,0.4602462351322174,0.5207529067993164,0.4610549509525299,0.5074325799942017,0.48849985003471375,0.6441630125045776,0.49248719215393066,0.6184879541397095,0.502166748046875,0.7450563311576843,0.5094771385192871,0.7158254981040955,0.49887651205062866,0.773669958114624,0.5050301551818848,0.7413280010223389,0.48905226588249207,0.777816653251648,0.5009757876396179,0.7404125928878784,0.4915209710597992,0.7683395147323608,0.5055903792381287,0.731179416179657,0.7361723184585571,0.5758185982704163,0.6960153579711914,0.5753156542778015,0.6432529091835022,0.7127132415771484,0.6235318183898926,0.6957665681838989,0.5828518867492676,0.8471355438232422,0.5679935812950134,0.833148717880249,0.5989580750465393,0.8680524230003357,0.5909287333488464,0.8512896299362183,0.46120327711105347,0.8707415461540222,0.47174617648124695,0.8489157557487488
0.34048494696617126,0.5607156157493591,0.3240591287612915,0.5488795042037964,0.32561370730400085,0.5470377206802368,0.32720673084259033,0.5449923872947693,0.3227425813674927,0.549032986164093,0.3234257996082306,0.5474046468734741,0.3240567147731781,0.5454795956611633,0.35047948360443115,0.5301911234855652,0.3453388214111328,0.5301579833030701,0.3674216866493225,0.5573595762252808,0.3675247132778168,0.557778537273407,0.4613506495952606,0.5333506464958191,0.4619344174861908,0.5173263549804688,0.48898807168006897,0.6554909944534302,0.49581456184387207,0.6277576088905334,0.5023860335350037,0.759950578212738,0.5164701342582703,0.7217557430267334,0.5001317262649536,0.7870833873748779,0.5108255743980408,0.7507470846176147,0.49078086018562317,0.7902093529701233,0.5092721581459045,0.7529001235961914,0.4934166371822357,0.7824112772941589,0.5136985778808594,0.7429656386375427,0.7445696592330933,0.576447069644928,0.7003574967384338,0.575005829334259,0.6446158289909363,0.7122587561607361,0.6172547936439514,0.6899268627166748,0.5831570625305176,0.8459972739219666,0.5724033713340759,0.8205631971359253,0.5996302962303162,0.8666256070137024,0.5913590788841248,0.8478001952171326,0.4611286222934723,0.8699105381965637,0.5004907846450806,0.8462560176849365
0.34241339564323425,0.5710598230361938,0.3247011601924896,0.560555100440979,0.32605060935020447,0.5587431192398071,0.32751935720443726,0.5566973090171814,0.32376399636268616,0.560559093952179,0.32445359230041504,0.5589410662651062,0.3252139985561371,0.5569732189178467,0.3493954837322235,0.5414254069328308,0.3452722430229187,0.5410233736038208,0.3690735697746277,0.5678005218505859,0.3693225681781769,0.5676717758178711,0.4564460217952728,0.5447788834571838,0.46213454008102417,0.52903151512146,0.4865167737007141,0.6637306809425354,0.4969092607498169,0.6401851773262024,0.5025451183319092,0.7644192576408386,0.516518771648407,0.7372392416000366,0.5002983212471008,0.7922964096069336,0.5109902620315552,0.7661381363868713,0.4911232888698578,0.7953712344169617,0.5097755193710327,0.767909824848175,0.49435967206954956,0.7870542407035828,0.5138031244277954,0.7607800960540771,0.7459748387336731,0.5763566493988037,0.7036834955215454,0.5747049450874329,0.6442986726760864,0.707807183265686,0.6127853989601135,0.6848841905593872,0.5833424925804138,0.8446567058563232,0.5727715492248535,0.8142992854118347,0.5999753475189209,0.8650719523429871,0.5927211046218872,0.839827299118042,0.4643324613571167,0.8650427460670471,0.49773818254470825,0.8379353284835815
0.34038639068603516,0.5792909264564514,0.3227037489414215,0.5698858499526978,0.32350704073905945,0.568045973777771,0.32452693581581116,0.5658984780311584,0.3225264847278595,0.5698283910751343,0.32309773564338684,0.5681634545326233,0.32378923892974854,0.5661104917526245,0.34602800011634827,0.5499535202980042,0.3429795503616333,0.5505004525184631,0.3670656383037567,0.577010989189148,0.3675985336303711,0.5770028233528137,0.45084401965141296,0.5530356168746948,0.4592382311820984,0.5425301790237427,0.4872502088546753,0.6713480353355408,0.49803292751312256,0.6507620215415955,0.5026994347572327,0.7705888748168945,0.5166075229644775,0.7510976195335388,0.5005835890769958,0.7942575812339783,0.5110810399055481,0.7739956378936768,0.4914230406284332,0.7973863482475281,0.5096997022628784,0.7777497172355652,0.49507784843444824,0.7899661660194397,0.5136538743972778,0.772654116153717,0.7523557543754578,0.5694782733917236,0.7109520435333252,0.5737279057502747,0.6435225009918213,0.6987057328224182,0.6104361414909363,0.6827796101570129,0.5834869742393494,0.8447732925415039,0.5727194547653198,0.823211669921875,0.6002672910690308,0.8654771447181702,0.5938442945480347,0.844257652759552,0.4655599296092987,0.862116277217865,0.4855934977531433,0.8444470167160034
0.34201207756996155,0.5863849520683289,0.32482534646987915,0.5758038759231567,0.3255961239337921,0.5742354989051819,0.3265828490257263,0.5724958181381226,0.3246651291847229,0.5749285221099854,0.3252141773700714,0.5728884339332581,0.3258689045906067,0.570749044418335,0.34676867723464966,0.557447075843811,0.34363633394241333,0.5567976832389832,0.36777859926223755,0.5838956236839294,0.3686040937900543,0.5830770134925842,0.44669464230537415,0.5619534850120544,0.45821258425712585,0.5434713959693909,0.4859146773815155,0.6744716763496399,0.4994749426841736,0.6478084921836853,0.5017669796943665,0.7785526514053345,0.5184881687164307,0.7497373819351196,0.49803224205970764,0.80182945728302,0.5121261477470398,0.771738588809967,0.4904816746711731,0.8041480779647827,0.5097417235374451,0.7763140797615051,0.4950385093688965,0.7965479493141174,0.5138862133026123,0.7713168263435364,0.7521057724952698,0.5636532306671143,0.7198408246040344,0.5643112659454346,0.6414937973022461,0.6966667771339417,0.6113429069519043,0.6814225316047668,0.5778415203094482,0.8425098061561584,0.5734847187995911,0.8196731209754944,0.5984271168708801,0.8649194836616516,0.5943937301635742,0.8444855809211731,0.46496888995170593,0.8621784448623657,0.4820322096347809,0.845557451248169
0.34337863326072693,0.5920260548591614,0.32623520493507385,0.5810828804969788,0.3268967568874359,0.5794950127601624,0.32770439982414246,0.5778293013572693,0.3262101709842682,0.5805127620697021,0.32679495215415955,0.5787147283554077,0.32745465636253357,0.5768495202064514,0.3482430875301361,0.5637480020523071,0.34540554881095886,0.5628891587257385,0.36856338381767273,0.5894032716751099,0.3696497976779938,0.5885264277458191,0.4466331899166107,0.5668660998344421,0.46082282066345215,0.5536813735961914,0.48345947265625,0.6806902289390564,0.5017212629318237,0.6590357422828674,0.5018516778945923,0.7863391637802124,0.5270452499389648,0.7584174275398254,0.4982900619506836,0.8089070916175842,0.5190717577934265,0.7803164124488831,0.49141523241996765,0.8113706707954407,0.514504611492157,0.7862746715545654,0.4963710606098175,0.8046963810920715,0.5189745426177979,0.7816625237464905,0.7499930262565613,0.5598388910293579,0.7238803505897522,0.559047520160675,0.6405776739120483,0.6942334771156311,0.6141216158866882,0.6812744736671448,0.5744529366493225,0.8426991105079651,0.5795990228652954,0.8267826437950134,0.5930346846580505,0.865167498588562,0.5933343172073364,0.8461222052574158,0.4651477336883545,0.8627910017967224,0.4818592667579651,0.8497651815414429
0.3442997932434082,0.5974513292312622,0.32733985781669617,0.5867913365364075,0.3279814124107361,0.5849958658218384,0.3286641240119934,0.5831760764122009,0.32726895809173584,0.5867498517036438,0.3278566598892212,0.5850124955177307,0.3284693956375122,0.5832415819168091,0.3475116491317749,0.5680554509162903,0.34495341777801514,0.5680627822875977,0.3689289391040802,0.5937562584877014,0.3699723780155182,0.5936045050621033,0.44958409667015076,0.5643733143806458,0.46041685342788696,0.5577968955039978,0.4835068881511688,0.6778136491775513,0.5009343028068542,0.665903627872467,0.5014020204544067,0.7893790006637573,0.5253228545188904,0.7690860629081726,0.4972703158855438,0.8125250339508057,0.5150384306907654,0.7911168336868286,0.4914732873439789,0.8159387111663818,0.5120900869369507,0.7966912984848022,0.49647635221481323,0.8083192706108093,0.5173001289367676,0.7910213470458984,0.7519065141677856,0.5510114431381226,0.7209107279777527,0.554063618183136,0.6402464509010315,0.690188467502594,0.6205031275749207,0.6816917061805725,0.5751885771751404,0.8426657915115356,0.586496114730835,0.8283553719520569,0.5937241315841675,0.865244448184967,0.5933179259300232,0.847276508808136,0.46673476696014404,0.8630998134613037,0.48171642422676086,0.8496793508529663
0.3446628451347351,0.6017795205116272,0.3278810977935791,0.591473400592804,0.3287377655506134,0.5898693203926086,0.3296031951904297,0.5882015228271484,0.327602356672287,0.5915009379386902,0.32831811904907227,0.5900099873542786,0.32908332347869873,0.5884882211685181,0.3482017517089844,0.5728042721748352,0.34525394439697266,0.5731679797172546,0.36975032091140747,0.597848117351532,0.3705989122390747,0.5980600118637085,0.4477127492427826,0.5718510746955872,0.4599723815917969,0.5617585778236389,0.4827912449836731,0.6893163919448853,0.5012176036834717,0.6697717308998108,0.49906566739082336,0.7945858836174011,0.5249671936035156,0.7741796374320984,0.49605560302734375,0.8175436854362488,0.5152022242546082,0.7925171256065369,0.49100619554519653,0.8215829133987427,0.512149453163147,0.7986734509468079,0.49625805020332336,0.8133254647254944,0.5172427892684937,0.7935836315155029,0.7520735263824463,0.5496540069580078,0.7203565835952759,0.5507285594940186,0.6400913596153259,0.6921284794807434,0.6220144629478455,0.6819989085197449,0.5756968855857849,0.8421041369438171,0.58314049243927,0.8240064978599548,0.5941993594169617,0.8653088212013245,0.593738317489624,0.847513735294342,0.46635574102401733,0.8633725643157959,0.48049625754356384,0.8488380908966064
0.349027156829834,0.6030551195144653,0.3300071954727173,0.5942502617835999,0.3302144706249237,0.5927040576934814,0.3303271234035492,0.5910258889198303,0.3301686942577362,0.5944887399673462,0.33045658469200134,0.5931583642959595,0.3306356370449066,0.5917483568191528,0.34912487864494324,0.574142575263977,0.346129834651947,0.5749384760856628,0.3716661334037781,0.5984121561050415,0.3728427290916443,0.5987361669540405,0.44649359583854675,0.5701552033424377,0.45683908462524414,0.5644605159759521,0.4833071231842041,0.6898893117904663,0.49961286783218384,0.6712341904640198,0.4974222779273987,0.7956045269966125,0.5209675431251526,0.7781208157539368,0.4959477186203003,0.8193846940994263,0.5148952603340149,0.7973496317863464,0.4909038543701172,0.8234037160873413,0.5121256113052368,0.8025455474853516,0.4956858456134796,0.8159363269805908,0.5164592266082764,0.7969995737075806,0.7508673071861267,0.5475935339927673,0.7189927101135254,0.5487611889839172,0.6399744749069214,0.6933950185775757,0.6229692697525024,0.682993471622467,0.5761032700538635,0.8401287198066711,0.5819043517112732,0.8213136196136475,0.5946821570396423,0.8651697039604187,0.5929365158081055,0.8473405241966248,0.46658146381378174,0.8632281422615051,0.47885069251060486,0.8502301573753357
0.3491711914539337,0.6052406430244446,0.3301272988319397,0.5962325930595398,0.3303118944168091,0.5945479869842529,0.3304593861103058,0.5926548838615417,0.3303704559803009,0.5962510704994202,0.33067119121551514,0.5946346521377563,0.33086642622947693,0.592767596244812,0.34892967343330383,0.5751706957817078,0.3461272716522217,0.5755221247673035,0.37197744846343994,0.6004558801651001,0.3731386661529541,0.6004583239555359,0.44749554991722107,0.575850784778595,0.4550502598285675,0.56876540184021,0.48248714208602905,0.6910797953605652,0.49817273020744324,0.6715967059135437,0.49660032987594604,0.7976728081703186,0.5190892219543457,0.7772203087806702,0.4943522810935974,0.8235620260238647,0.5145962238311768,0.7977409958839417,0.49002164602279663,0.8264859318733215,0.5116638541221619,0.801936686038971,0.4953834116458893,0.8181236982345581,0.5162943005561829,0.7970572710037231,0.7510048747062683,0.5482379198074341,0.7176023721694946,0.5491127371788025,0.6397375464439392,0.693227231502533,0.6232947111129761,0.683256208896637,0.5762692093849182,0.8403986096382141,0.5802062153816223,0.8200241327285767,0.5949334502220154,0.8652693629264832,0.5912164449691772,0.847251832485199,0.46657055616378784,0.8629955053329468,0.47653821110725403,0.8499689102172852
0.34921741485595703,0.6065226197242737,0.3296361267566681,0.5972515344619751,0.32977530360221863,0.5953980088233948,0.32993942499160767,0.5933490991592407,0.33001285791397095,0.5972480773925781,0.33031755685806274,0.5954790711402893,0.3305063843727112,0.5934954285621643,0.3486807942390442,0.5755656957626343,0.34578147530555725,0.5759390592575073,0.37223225831985474,0.6013099551200867,0.37337854504585266,0.6014426946640015,0.44800686836242676,0.5785107016563416,0.45197197794914246,0.5701538920402527,0.4817144274711609,0.6895633339881897,0.49117425084114075,0.6710275411605835,0.49589380621910095,0.7962181568145752,0.5147832632064819,0.7763457894325256,0.49432775378227234,0.8212926387786865,0.5119166970252991,0.7973468899726868,0.48985207080841064,0.8244568705558777,0.5093056559562683,0.8015490174293518,0.49529480934143066,0.8162433505058289,0.5152339339256287,0.7951961159706116,0.7511400580406189,0.5478705167770386,0.7166446447372437,0.5472792387008667,0.6375722885131836,0.6924865245819092,0.623185932636261,0.6833541989326477,0.5749210715293884,0.8387223482131958,0.5753915309906006,0.8168470859527588,0.5946950912475586,0.8645514845848083,0.5867930054664612,0.8466485738754272,0.4666377007961273,0.8616194128990173,0.47465476393699646,0.8496357202529907
0.34817537665367126,0.6059247851371765,0.32862263917922974,0.5964320302009583,0.3286895751953125,0.594670295715332,0.32884693145751953,0.5926713347434998,0.3292207717895508,0.5958939790725708,0.3295672833919525,0.5938689708709717,0.32981568574905396,0.5916188359260559,0.34750235080718994,0.5751694440841675,0.34485912322998047,0.5750373601913452,0.3707886338233948,0.6010791063308716,0.3725806474685669,0.6008248925209045,0.44487255811691284,0.5784440636634827,0.45280468463897705,0.5732811689376831,0.4785979688167572,0.6897125244140625,0.49071767926216125,0.6759601831436157,0.4917725622653961,0.7951881885528564,0.5118382573127747,0.7798065543174744,0.4915693402290344,0.8197612166404724,0.5085830092430115,0.8014401793479919,0.4870406985282898,0.8231735229492188,0.5044316649436951,0.8050974011421204,0.4922417998313904,0.8151682615280151,0.5100920796394348,0.799500048160553,0.7503853440284729,0.5479966998100281,0.7175537943840027,0.5474280714988708,0.633596658706665,0.6917893290519714,0.6234037280082703,0.6852877140045166,0.5718948841094971,0.8389739394187927,0.574038028717041,0.8212998509407043,0.5930137038230896,0.8645866513252258,0.5874703526496887,0.8503134846687317,0.4657106101512909,0.8616609573364258,0.4725033938884735,0.8498775959014893
0.34570640325546265,0.6045928597450256,0.3269590735435486,0.5944709181785583,0.32722392678260803,0.5928352475166321,0.32761719822883606,0.5909843444824219,0.32757607102394104,0.5936803221702576,0.32805126905441284,0.591650664806366,0.3284292221069336,0.589459240436554,0.34660661220550537,0.5745093822479248,0.34383177757263184,0.5738170146942139,0.3686538636684418,0.6005861759185791,0.370575487613678,0.6000692248344421,0.44197288155555725,0.5819982886314392,0.452598512172699,0.5686942338943481,0.475332647562027,0.6905950307846069,0.4901593327522278,0.6728254556655884,0.4886974096298218,0.7943704128265381,0.506532609462738,0.7773366570472717,0.4903918206691742,0.818213701248169,0.5043612718582153,0.8007943630218506,0.48505809903144836,0.8222407698631287,0.49870872497558594,0.8044731616973877,0.4894810914993286,0.814580500125885,0.503912091255188,0.7991503477096558,0.7497372627258301,0.5484628081321716,0.7175107002258301,0.5460339784622192,0.6323094367980957,0.6906469464302063,0.622734546661377,0.6851911544799805,0.572168231010437,0.8391448855400085,0.5734687447547913,0.8214364647865295,0.5925443768501282,0.8642839789390564,0.5874106287956238,0.850117027759552,0.4651733934879303,0.8608442544937134,0.47116824984550476,0.8498498797416687
0.34455516934394836,0.602990448474884,0.32589051127433777,0.592598557472229,0.3263419270515442,0.5909891128540039,0.32691121101379395,0.5891105532646179,0.3261944651603699,0.5918207168579102,0.3266514241695404,0.5898228883743286,0.3270297348499298,0.5875777006149292,0.3458920419216156,0.5727561712265015,0.3429129421710968,0.5716231465339661,0.36760184168815613,0.5992042422294617,0.3694356083869934,0.5984923839569092,0.44170278310775757,0.5833902955055237,0.452844500541687,0.56629478931427,0.47439494729042053,0.690454363822937,0.4906253516674042,0.6693246960639954,0.4865346848964691,0.7942876219749451,0.5056121349334717,0.7743154168128967,0.48977452516555786,0.8173116445541382,0.5045897960662842,0.7963850498199463,0.4846762716770172,0.8209946155548096,0.49940744042396545,0.8001760244369507,0.4887157380580902,0.813675582408905,0.5039580464363098,0.7953935265541077,0.7494191527366638,0.5489481091499329,0.7171202301979065,0.5447841286659241,0.6320177912712097,0.6902388334274292,0.6213948726654053,0.6849603056907654,0.5709381699562073,0.8392641544342041,0.5702106952667236,0.822403609752655,0.5909640192985535,0.8640692830085754,0.5871359705924988,0.8504405617713928,0.4607326090335846,0.8609355688095093,0.46723973751068115,0.8502219319343567
0.34328216314315796,0.6007593870162964,0.32387083768844604,0.5901907682418823,0.32425457239151,0.588499128818512,0.32479479908943176,0.5865272879600525,0.3242156505584717,0.5895500779151917,0.3245885968208313,0.5875579118728638,0.32492899894714355,0.5853124260902405,0.3436533808708191,0.5703151226043701,0.34100741147994995,0.5694134831428528,0.36647170782089233,0.5969437956809998,0.3684595823287964,0.5963460206985474,0.4397217929363251,0.5800492167472839,0.4510059058666229,0.565283477306366,0.47366029024124146,0.6885445713996887,0.4898764193058014,0.6680936217308044,0.484811395406723,0.7932155132293701,0.5030998587608337,0.7746614217758179,0.4882066547870636,0.8157865405082703,0.5026947259902954,0.7966979146003723,0.4832240343093872,0.8195436596870422,0.49791988730430603,0.800625741481781,0.4868910610675812,0.8123283386230469,0.5020474195480347,0.7958242893218994,0.7493578195571899,0.547688901424408,0.716984212398529,0.5439932346343994,0.631380021572113,0.6893554329872131,0.6211760640144348,0.6847928166389465,0.5707169771194458,0.8393426537513733,0.5697341561317444,0.8223662972450256,0.5896556973457336,0.8641303777694702,0.5867583751678467,0.8508864045143127,0.46050381660461426,0.8600335717201233,0.46542590856552124,0.8501342535018921
0.34249675273895264,0.5989511609077454,0.32246851921081543,0.5884436368942261,0.32288414239883423,0.5867465734481812,0.32347485423088074,0.5847839713096619,0.322735071182251,0.5878835916519165,0.32305020093917847,0.5859397649765015,0.32335835695266724,0.5837587714195251,0.34281107783317566,0.5686168670654297,0.3399370610713959,0.56788569688797,0.3662111759185791,0.5951732397079468,0.3679715394973755,0.5946475863456726,0.4380054473876953,0.5782299041748047,0.4506469666957855,0.5644027590751648,0.47159919142723083,0.686919093132019,0.48680588603019714,0.6673250794410706,0.48149076104164124,0.7915308475494385,0.5051527619361877,0.7745086550712585,0.4856554865837097,0.8150440454483032,0.5000153183937073,0.7960071563720703,0.4815141558647156,0.8186289072036743,0.4957250952720642,0.7996370196342468,0.48449379205703735,0.8114064931869507,0.49898219108581543,0.7936487197875977,0.7484311461448669,0.5468376874923706,0.716801106929779,0.5431597232818604,0.6304078698158264,0.6887913346290588,0.6211181282997131,0.6843475103378296,0.5685201287269592,0.8392637372016907,0.5686572194099426,0.8220704197883606,0.5868687033653259,0.8641756772994995,0.5856249928474426,0.8508352637290955,0.45686930418014526,0.8600976467132568,0.46351197361946106,0.8500413298606873
0.3366462290287018,0.5969461798667908,0.31789398193359375,0.5856665372848511,0.31859496235847473,0.5841647386550903,0.31949374079704285,0.582387387752533,0.3179941475391388,0.5848478078842163,0.318491667509079,0.5829848647117615,0.3190155625343323,0.5809409618377686,0.3407561779022217,0.5681268572807312,0.337719202041626,0.5667581558227539,0.36161375045776367,0.594976007938385,0.36273860931396484,0.5939193964004517,0.43630871176719666,0.5782477855682373,0.45089203119277954,0.5632699131965637,0.46931472420692444,0.6857941150665283,0.4871845841407776,0.6666556000709534,0.47822055220603943,0.7905338406562805,0.5007434487342834,0.7686489820480347,0.48172613978385925,0.8139500021934509,0.49833938479423523,0.7920055389404297,0.4774579107761383,0.8168640732765198,0.49385103583335876,0.796017587184906,0.48136386275291443,0.8109943270683289,0.4971887767314911,0.7925675511360168,0.748153805732727,0.546859085559845,0.7166523337364197,0.5424351096153259,0.6293777227401733,0.6882572770118713,0.6205630898475647,0.6842575669288635,0.5654606819152832,0.8388769030570984,0.5677146315574646,0.8212857842445374,0.5834595561027527,0.8642098307609558,0.5845221281051636,0.8507785797119141,0.4539574086666107,0.8603560924530029,0.46086856722831726,0.8500241041183472
0.33306312561035156,0.5887778401374817,0.31472936272621155,0.578062891960144,0.31541743874549866,0.5767831206321716,0.3162849247455597,0.5752540230751038,0.31471508741378784,0.5772888660430908,0.3151756525039673,0.575652003288269,0.3156678378582001,0.5737687945365906,0.33772560954093933,0.5629389882087708,0.3350170850753784,0.5607306361198425,0.35821640491485596,0.5876134634017944,0.3591238260269165,0.5862891674041748,0.43677669763565063,0.5772333145141602,0.44991329312324524,0.5610432028770447,0.4694358706474304,0.6830123662948608,0.48737001419067383,0.6564688086509705,0.47740963101387024,0.787091076374054,0.5062375068664551,0.7593027949333191,0.48099008202552795,0.8053390383720398,0.4976976215839386,0.7820431590080261,0.47694283723831177,0.80792236328125,0.4933522641658783,0.7862855195999146,0.480448454618454,0.8038948774337769,0.496499240398407,0.7832976579666138,0.748021125793457,0.5469966530799866,0.716467022895813,0.5418281555175781,0.6286875605583191,0.6879968643188477,0.6195100545883179,0.6825214624404907,0.5630543231964111,0.838904619216919,0.5664153695106506,0.8189365267753601,0.5819882154464722,0.8642398118972778,0.5832965970039368,0.8500905632972717,0.4510703682899475,0.8603933453559875,0.45790913701057434,0.8488445281982422
0.32748231291770935,0.581515908241272,0.3104524612426758,0.5712148547172546,0.31125542521476746,0.5700438618659973,0.3122110664844513,0.5686458945274353,0.31014785170555115,0.5705941915512085,0.3105205297470093,0.5691150426864624,0.3108959496021271,0.5674297213554382,0.3348313570022583,0.5573974251747131,0.33121684193611145,0.5556234121322632,0.354059100151062,0.5815456509590149,0.35438457131385803,0.5803846716880798,0.43727341294288635,0.5746678709983826,0.4456058740615845,0.5550397038459778,0.4685942232608795,0.6754100322723389,0.4843157231807709,0.650917112827301,0.4767181873321533,0.7813035845756531,0.4910503327846527,0.747769296169281,0.4800911843776703,0.7997066378593445,0.49070248007774353,0.7716994881629944,0.4752027094364166,0.8020800352096558,0.4884735643863678,0.7785161733627319,0.4793885350227356,0.7978702187538147,0.4935160279273987,0.7692914605140686,0.7488901019096375,0.546670138835907,0.7136282324790955,0.5414437055587769,0.6287065744400024,0.6881981492042542,0.6174278259277344,0.6817318797111511,0.5631555914878845,0.8385981917381287,0.5652927160263062,0.8177667260169983,0.5820921659469604,0.8633796572685242,0.5817264318466187,0.848868727684021,0.4485885798931122,0.860232412815094,0.454556405544281,0.8464390635490417
0.3232365548610687,0.5715733766555786,0.3075472414493561,0.5611501932144165,0.30867141485214233,0.5598965883255005,0.3098366856575012,0.5584123134613037,0.3068758249282837,0.5608461499214172,0.3073296844959259,0.5595329403877258,0.30765455961227417,0.5579797625541687,0.3337761461734772,0.5460123419761658,0.3290209472179413,0.5459879040718079,0.35105669498443604,0.5715798735618591,0.3502439856529236,0.5717571973800659,0.4394286870956421,0.5650569200515747,0.4424143433570862,0.5507206320762634,0.468945175409317,0.6647969484329224,0.48173007369041443,0.6466690301895142,0.47745266556739807,0.7660293579101562,0.487716943025589,0.7437468767166138,0.4802415072917938,0.7884913086891174,0.4880308508872986,0.7678000330924988,0.47536247968673706,0.7923933863639832,0.48614054918289185,0.7748742699623108,0.47985538840293884,0.7876562476158142,0.4905102849006653,0.7681535482406616,0.7493422627449036,0.5453387498855591,0.7090364694595337,0.5408208966255188,0.628234326839447,0.6873246431350708,0.6139671802520752,0.6804819703102112,0.5635533928871155,0.8372080326080322,0.564887285232544,0.8178916573524475,0.5825012922286987,0.8625205159187317,0.5803781747817993,0.8488320708274841,0.4481690227985382,0.859699547290802,0.45211732387542725,0.8464895486831665
0.31528469920158386,0.5593352913856506,0.3021521270275116,0.5491267442703247,0.30368706583976746,0.547863781452179,0.3052925169467926,0.546456515789032,0.30156540870666504,0.5483199954032898,0.3024323284626007,0.5467275977134705,0.30315813422203064,0.5449911952018738,0.33107951283454895,0.5344863533973694,0.32580047845840454,0.5342390537261963,0.3431161940097809,0.5593987107276917,0.34186649322509766,0.5590193271636963,0.43816065788269043,0.5586573481559753,0.4387834966182709,0.5467690229415894,0.46921464800834656,0.6581752300262451,0.4813615679740906,0.6429817080497742,0.4762263596057892,0.7570016384124756,0.48714637756347656,0.7398461103439331,0.47995612025260925,0.7826984524726868,0.48677417635917664,0.7636191248893738,0.47462350130081177,0.7870979905128479,0.48390400409698486,0.7715618014335632,0.4786892831325531,0.781258761882782,0.48768576979637146,0.7642549872398376,0.7492119073867798,0.5450431704521179,0.7066330909729004,0.5407497882843018,0.6262866258621216,0.6855084896087646,0.6103835701942444,0.679686427116394,0.562759518623352,0.8368393182754517,0.563277542591095,0.8176906704902649,0.582176148891449,0.8616425395011902,0.5777212977409363,0.8484975099563599,0.4466400742530823,0.8577753901481628,0.4503689408302307,0.8440730571746826
0.3102133572101593,0.5454390048980713,0.29933294653892517,0.533660352230072,0.3012000620365143,0.5325481295585632,0.30316871404647827,0.5312581658363342,0.2983652949333191,0.5323795676231384,0.29934611916542053,0.5306399464607239,0.30020424723625183,0.5288113355636597,0.3299385905265808,0.5194280743598938,0.3236771821975708,0.5179749727249146,0.3371128737926483,0.5460295081138611,0.3357216417789459,0.545332133769989,0.43870481848716736,0.5451398491859436,0.4350675046443939,0.5346286296844482,0.46943527460098267,0.6509960889816284,0.4796803891658783,0.6328107118606567,0.4760434627532959,0.748308002948761,0.48850905895233154,0.72648024559021,0.48017996549606323,0.7759872078895569,0.487539678812027,0.7514191269874573,0.4749380052089691,0.7809038758277893,0.48602113127708435,0.758211076259613,0.4790360629558563,0.7751591801643372,0.5069937109947205,0.7475298643112183,0.7507335543632507,0.5433557629585266,0.7020793557167053,0.537375807762146,0.6311830878257751,0.6798760890960693,0.6056207418441772,0.6777923703193665,0.5630419850349426,0.8368123173713684,0.5622913837432861,0.8134446740150452,0.5824230909347534,0.8610184192657471,0.5772215723991394,0.8440105319023132,0.44616544246673584,0.8527647256851196,0.445017009973526,0.8382467031478882
0.30590683221817017,0.5286116600036621,0.29710811376571655,0.516369640827179,0.2992284297943115,0.5151897668838501,0.30149275064468384,0.5138368010520935,0.2961879372596741,0.5152531862258911,0.2974357008934021,0.5135220885276794,0.29857373237609863,0.5116845965385437,0.32974281907081604,0.5025650262832642,0.32337889075279236,0.5011807084083557,0.33222368359565735,0.5299727916717529,0.3309462070465088,0.5292937159538269,0.4387418329715729,0.5271385908126831,0.43529289960861206,0.525050163269043,0.46960002183914185,0.6392372846603394,0.479899138212204,0.6236423254013062,0.4761123061180115,0.7394209504127502,0.49023839831352234,0.7202288508415222,0.4811101257801056,0.7687965631484985,0.4955187737941742,0.7498534917831421,0.4760144352912903,0.7735127210617065,0.49184083938598633,0.7554710507392883,0.4798496961593628,0.7671285271644592,0.5062536597251892,0.7465013265609741,0.7503654956817627,0.5424636006355286,0.6962143778800964,0.5378827452659607,0.6346713900566101,0.6792238354682922,0.6029094457626343,0.6778603792190552,0.5639269948005676,0.8365911245346069,0.5644331574440002,0.8138514161109924,0.582516610622406,0.8603812456130981,0.5774792432785034,0.8437358736991882,0.44511517882347107,0.8535095453262329,0.4466332793235779,0.8386385440826416
0.29612308740615845,0.5075077414512634,0.29211267828941345,0.49437302350997925,0.2948635220527649,0.4932265877723694,0.2977990508079529,0.4918953478336334,0.2911328375339508,0.4934915006160736,0.2929823696613312,0.4918416142463684,0.2948179543018341,0.4900377690792084,0.3291633129119873,0.48223641514778137,0.322909414768219,0.4804847836494446,0.3216704726219177,0.5111599564552307,0.32082581520080566,0.5105388164520264,0.4394720196723938,0.5159968733787537,0.4356093406677246,0.5093620419502258,0.4697098433971405,0.6292915940284729,0.4802120625972748,0.6006353497505188,0.48604249954223633,0.7355057597160339,0.4962320923805237,0.6948569416999817,0.4866783320903778,0.7622875571250916,0.5011394023895264,0.7192674875259399,0.47961944341659546,0.7665560245513916,0.5002195239067078,0.7226685285568237,0.4840357005596161,0.7582051157951355,0.5091021656990051,0.7176634669303894,0.7466962337493896,0.5421169400215149,0.6894575357437134,0.5366525053977966,0.6348807215690613,0.6788696646690369,0.6004233956336975,0.6774263381958008,0.5640086531639099,0.8338433504104614,0.5646104216575623,0.8096514940261841,0.5823706388473511,0.8581202030181885,0.5776836276054382,0.836511492729187,0.444203644990921,0.8537585735321045,0.4470949172973633,0.8350676894187927
0.2896754741668701,0.48517072200775146,0.28691110014915466,0.47191885113716125,0.2896696627140045,0.4707908034324646,0.2927045524120331,0.4695482850074768,0.285722017288208,0.471359521150589,0.2875773012638092,0.46990692615509033,0.289630264043808,0.4683147072792053,0.32669708132743835,0.4607596695423126,0.3204686939716339,0.46014049649238586,0.31628474593162537,0.4905768632888794,0.3153103291988373,0.49017608165740967,0.44580358266830444,0.5019345283508301,0.4358539879322052,0.4984825849533081,0.4709327220916748,0.614139974117279,0.479311466217041,0.5935180187225342,0.48789510130882263,0.712890088558197,0.49640560150146484,0.6859182119369507,0.48894041776657104,0.7452290058135986,0.49975547194480896,0.7102489471435547,0.48147836327552795,0.7508415579795837,0.4994796812534332,0.7179347276687622,0.48535117506980896,0.7415621280670166,0.5073930025100708,0.7075260877609253,0.7424136400222778,0.5420078635215759,0.6812186241149902,0.5366836786270142,0.6290305256843567,0.6790624856948853,0.5947994589805603,0.6763296723365784,0.564004123210907,0.8343925476074219,0.5644360184669495,0.8063663244247437,0.5789511799812317,0.8587934970855713,0.5737221837043762,0.8351239562034607,0.4441686272621155,0.854417622089386,0.44762080907821655,0.8329041004180908
0.2891210615634918,0.4642600417137146,0.2862093150615692,0.4506164491176605,0.2887478172779083,0.449895977973938,0.291625440120697,0.4491702616214752,0.28538572788238525,0.4495610296726227,0.2872190475463867,0.44818082451820374,0.2892327904701233,0.4467901885509491,0.32625535130500793,0.4436647295951843,0.3198143541812897,0.4408642053604126,0.31566062569618225,0.4706377685070038,0.31454163789749146,0.4701162576675415,0.44675418734550476,0.4916139543056488,0.43622279167175293,0.48074838519096375,0.47310253977775574,0.6019150614738464,0.479518860578537,0.5743293762207031,0.48782438039779663,0.6973825097084045,0.5006285905838013,0.666462779045105,0.48910391330718994,0.7295593023300171,0.5020763278007507,0.6910678148269653,0.48158591985702515,0.7332488894462585,0.5017008781433105,0.6933766007423401,0.4854333996772766,0.7233230471611023,0.5078719854354858,0.6853345632553101,0.7357824444770813,0.5421052575111389,0.6808937788009644,0.5361018776893616,0.6277592182159424,0.6787539124488831,0.5939225554466248,0.6706753969192505,0.5652713775634766,0.8289139270782471,0.5679674744606018,0.7954490184783936,0.5774941444396973,0.8527553677558899,0.5665444135665894,0.8227981328964233,0.4444367587566376,0.8489446640014648,0.45313888788223267,0.8069055080413818
0.28900274634361267,0.4432999789714813,0.2862643897533417,0.4307503402233124,0.2891126871109009,0.43001672625541687,0.292215496301651,0.4292057752609253,0.28483620285987854,0.4300557076931,0.2865676283836365,0.4288266897201538,0.28854069113731384,0.42741280794143677,0.32662010192871094,0.424572616815567,0.32026171684265137,0.4214048385620117,0.3166772723197937,0.45031440258026123,0.3150154650211334,0.45036426186561584,0.451886385679245,0.47457897663116455,0.43635591864585876,0.4590303301811218,0.47714391350746155,0.5867728590965271,0.48165062069892883,0.5592644214630127,0.4881458878517151,0.6850926876068115,0.49989306926727295,0.651596188545227,0.48938560485839844,0.7145272493362427,0.5019340515136719,0.675226092338562,0.4816752076148987,0.71906578540802,0.501508355140686,0.6788202524185181,0.4854818880558014,0.7094850540161133,0.5075715780258179,0.669378399848938,0.729098916053772,0.541969358921051,0.6773535013198853,0.5347009897232056,0.6226879954338074,0.6791606545448303,0.5847715735435486,0.6677345633506775,0.5657263398170471,0.8271669149398804,0.5663124322891235,0.7967935800552368,0.5768082141876221,0.8517783284187317,0.5679486393928528,0.8228861093521118,0.44403451681137085,0.8500286340713501,0.45378684997558594,0.8150350451469421
0.2923579514026642,0.4225492775440216,0.28780651092529297,0.4077509045600891,0.2914765179157257,0.4068068563938141,0.29548537731170654,0.4057255983352661,0.2852078974246979,0.40751558542251587,0.28713005781173706,0.4063273072242737,0.28928419947624207,0.40491995215415955,0.33308982849121094,0.40139785408973694,0.32572323083877563,0.39927297830581665,0.31976747512817383,0.42985251545906067,0.31838488578796387,0.43060046434402466,0.45989570021629333,0.4522545039653778,0.43920186161994934,0.4375777244567871,0.48006269335746765,0.5675294995307922,0.48227787017822266,0.5393531918525696,0.4880109429359436,0.6615217328071594,0.4997144937515259,0.6339821219444275,0.4902786910533905,0.6891195774078369,0.5019704103469849,0.659247100353241,0.4841136932373047,0.6936960816383362,0.5024711489677429,0.6625167727470398,0.48693495988845825,0.6865692734718323,0.5076622366905212,0.6540111303329468,0.7157648205757141,0.541045606136322,0.6687718033790588,0.5320994853973389,0.6199499368667603,0.6800730228424072,0.5800822377204895,0.6639268398284912,0.5648605227470398,0.8288365006446838,0.5647161602973938,0.798019289970398,0.5762786865234375,0.8525292277336121,0.5682134628295898,0.8173525333404541,0.4428761303424835,0.8503609299659729,0.45402660965919495,0.8088096380233765
0.30003270506858826,0.4031500816345215,0.29820048809051514,0.3892146944999695,0.3019998073577881,0.388485312461853,0.30598101019859314,0.38760140538215637,0.29615506529808044,0.38872939348220825,0.2985381484031677,0.3876588046550751,0.3010697066783905,0.38637369871139526,0.34447181224823,0.3841119110584259,0.3376081585884094,0.38112956285476685,0.3244057595729828,0.4116464853286743,0.3234035074710846,0.4116123616695404,0.46521908044815063,0.43857431411743164,0.447666198015213,0.4171789586544037,0.4808941185474396,0.5567190647125244,0.48960593342781067,0.5198829174041748,0.48790937662124634,0.6507062315940857,0.5014762282371521,0.6213605403900146,0.491462379693985,0.676045298576355,0.5043193697929382,0.6491629481315613,0.48595061898231506,0.6784103512763977,0.5042474269866943,0.6508818864822388,0.4879094958305359,0.6711557507514954,0.5089558362960815,0.6414221525192261,0.7021435499191284,0.5359958410263062,0.6603929400444031,0.5243651270866394,0.6150635480880737,0.6802563071250916,0.5810057520866394,0.6561512351036072,0.5638439655303955,0.8292897343635559,0.5580590963363647,0.7917723059654236,0.5764999389648438,0.8527778387069702,0.5685506463050842,0.813899040222168,0.4380154609680176,0.8504799008369446,0.4527527987957001,0.8047376275062561
0.3093152344226837,0.38090959191322327,0.31065741181373596,0.3667181134223938,0.31406229734420776,0.3661179542541504,0.3177126944065094,0.36526674032211304,0.3094750940799713,0.36625587940216064,0.3119319677352905,0.36531752347946167,0.31463268399238586,0.3641001284122467,0.3542792499065399,0.36386334896087646,0.34984666109085083,0.3606741726398468,0.3313131630420685,0.39084523916244507,0.3308989107608795,0.39067068696022034,0.4664822518825531,0.4248841106891632,0.46844157576560974,0.40319639444351196,0.4826829135417938,0.5406427979469299,0.5147507190704346,0.5088539719581604,0.4906361401081085,0.6354509592056274,0.518623411655426,0.6073530912399292,0.4938369691371918,0.6629549264907837,0.5211688280105591,0.6383026838302612,0.4879787862300873,0.667051374912262,0.5209279656410217,0.6404387354850769,0.4898482859134674,0.6586921811103821,0.5196527242660522,0.6313256621360779,0.6901972889900208,0.535558819770813,0.6631072759628296,0.5230807662010193,0.6046050190925598,0.683323085308075,0.5828009247779846,0.6594829559326172,0.5636772513389587,0.8327980637550354,0.5566375851631165,0.7939845323562622,0.5765441060066223,0.8562135100364685,0.5689725875854492,0.8177224397659302,0.4341050088405609,0.8515045642852783,0.45321956276893616,0.8058655858039856
0.3213721811771393,0.36313584446907043,0.3243432939052582,0.3489820063114166,0.32752901315689087,0.3481108546257019,0.33073288202285767,0.3471182882785797,0.32354387640953064,0.3490960896015167,0.3260001540184021,0.3482086956501007,0.3285468518733978,0.34702029824256897,0.3673914670944214,0.3455374538898468,0.3628133237361908,0.34321317076683044,0.3432489335536957,0.3720565736293793,0.34270399808883667,0.37210071086883545,0.47094109654426575,0.40426716208457947,0.47487708926200867,0.3907007575035095,0.48498398065567017,0.5185613632202148,0.5130219459533691,0.49885356426239014,0.49045315384864807,0.6181239485740662,0.516514778137207,0.5927892923355103,0.49523302912712097,0.6451394557952881,0.5184201002120972,0.626151978969574,0.4894310235977173,0.6493415236473083,0.5180481672286987,0.6283079385757446,0.49018657207489014,0.6396182179450989,0.5180287957191467,0.6182489395141602,0.6743833422660828,0.5328700542449951,0.6570523381233215,0.5204154253005981,0.5989582538604736,0.6826210618019104,0.5839563608169556,0.6612446308135986,0.5630059838294983,0.8344358205795288,0.5567477941513062,0.7953697443008423,0.5762312412261963,0.8564027547836304,0.5693696737289429,0.8199481964111328,0.4317156970500946,0.851982057094574,0.4533156454563141,0.8059494495391846
0.3360164165496826,0.3458332419395447,0.34008702635765076,0.330771267414093,0.3432643413543701,0.329804927110672,0.3464384078979492,0.32877618074417114,0.33969631791114807,0.33074110746383667,0.3422291576862335,0.3297256827354431,0.34483224153518677,0.32848986983299255,0.3815707266330719,0.3282245397567749,0.37856781482696533,0.32595008611679077,0.35677316784858704,0.3549591302871704,0.3565673530101776,0.3549617528915405,0.4736509621143341,0.38891685009002686,0.48166510462760925,0.377255380153656,0.4904572665691376,0.502572774887085,0.5195165872573853,0.4887157678604126,0.4904545545578003,0.6044436693191528,0.520435631275177,0.5763314366340637,0.49745652079582214,0.6296162009239197,0.5193860530853271,0.6040756106376648,0.4909258186817169,0.6314083933830261,0.5178985595703125,0.6057094931602478,0.49054035544395447,0.6228271126747131,0.5184003710746765,0.5985678434371948,0.6578598618507385,0.5317684412002563,0.6488364338874817,0.5200894474983215,0.5862411260604858,0.681439995765686,0.5836753845214844,0.6615869402885437,0.560703456401825,0.8347892165184021,0.5569074749946594,0.7962245345115662,0.5763282775878906,0.8564119935035706,0.5696721076965332,0.8210477232933044,0.43090271949768066,0.8520236611366272,0.4473041892051697,0.8080032467842102
0.34694573283195496,0.33115383982658386,0.3526390790939331,0.31524285674095154,0.3563109338283539,0.3139723241329193,0.36050987243652344,0.31238797307014465,0.3524886667728424,0.3150458335876465,0.35554277896881104,0.31373193860054016,0.3589952886104584,0.31208208203315735,0.3980984091758728,0.3119170069694519,0.3953462243080139,0.31024137139320374,0.36758139729499817,0.34060385823249817,0.36761271953582764,0.34045395255088806,0.47878485918045044,0.3737355172634125,0.4857582449913025,0.36868318915367126,0.497384637594223,0.48590147495269775,0.5194652676582336,0.481831431388855,0.492548406124115,0.5871854424476624,0.521027684211731,0.5695024132728577,0.5035275816917419,0.6139463782310486,0.5210531949996948,0.5947626233100891,0.49459290504455566,0.6149170994758606,0.517595648765564,0.59819096326828,0.49259665608406067,0.6062261462211609,0.519939124584198,0.5882455706596375,0.6524220108985901,0.5320332646369934,0.6375098824501038,0.5213683843612671,0.5720376968383789,0.6814504265785217,0.5776863694190979,0.6632072329521179,0.5580220818519592,0.8348389863967896,0.5538964867591858,0.7967261075973511,0.5798206329345703,0.8594309091567993,0.5698989033699036,0.8203214406967163,0.4287586510181427,0.8520559072494507,0.44171521067619324,0.8091403841972351
0.3600769639015198,0.31842195987701416,0.3684508800506592,0.3021772503852844,0.37223178148269653,0.30140140652656555,0.3766466975212097,0.3004274070262909,0.36777463555336,0.30205467343330383,0.3706893026828766,0.30122193694114685,0.37405863404273987,0.300233393907547,0.4150123596191406,0.30201634764671326,0.41026902198791504,0.3006938099861145,0.3797338306903839,0.32998907566070557,0.3786771595478058,0.3298209011554718,0.48826730251312256,0.3660271465778351,0.48470962047576904,0.3649507761001587,0.5005234479904175,0.48189055919647217,0.5179985761642456,0.4762241542339325,0.4924185872077942,0.5795087814331055,0.5205985307693481,0.56232750415802,0.5033956170082092,0.606903612613678,0.5198625922203064,0.5887228846549988,0.4942624568939209,0.6069692373275757,0.5167795419692993,0.589694619178772,0.4925648868083954,0.5983552932739258,0.5195008516311646,0.5812199115753174,0.6487696766853333,0.5325042009353638,0.6226032972335815,0.5220425724983215,0.5635082125663757,0.6831196546554565,0.5670060515403748,0.6649335622787476,0.5535199046134949,0.8355474472045898,0.5515144467353821,0.7918521165847778,0.5778973698616028,0.8596498966217041,0.5699337720870972,0.8106013536453247,0.42885729670524597,0.8523033261299133,0.4424595534801483,0.8080394864082336
0.3735886216163635,0.30119746923446655,0.3861387372016907,0.28643086552619934,0.39056169986724854,0.28587713837623596,0.39551404118537903,0.2852126359939575,0.3833857774734497,0.28623276948928833,0.38554033637046814,0.2856580317020416,0.3880164623260498,0.2849554717540741,0.4334724545478821,0.2890821397304535,0.42295411229133606,0.2876553535461426,0.39170148968696594,0.3152870833873749,0.38855573534965515,0.314829021692276,0.5026594996452332,0.3605077564716339,0.4849543273448944,0.35587814450263977,0.5031086802482605,0.4771762788295746,0.5179440379142761,0.4622344672679901,0.49260738492012024,0.5698260068893433,0.5194950699806213,0.5475186705589294,0.5028820037841797,0.5947856307029724,0.5190789103507996,0.5726421475410461,0.4940420687198639,0.5947858095169067,0.5162066221237183,0.5740352869033813,0.49253490567207336,0.587024450302124,0.5189011693000793,0.5677739381790161,0.6450582146644592,0.5331148505210876,0.612105131149292,0.5226703882217407,0.5585640668869019,0.6845186948776245,0.5558103919029236,0.6661743521690369,0.5522685050964355,0.8362630009651184,0.548319399356842,0.7907103896141052,0.5762060880661011,0.8596950173377991,0.5671579837799072,0.8118903636932373,0.42896178364753723,0.8539683222770691,0.44303426146507263,0.8070213198661804
0.3875941336154938,0.2910239100456238,0.39936408400535583,0.2766076624393463,0.4034087061882019,0.2762278616428375,0.40793704986572266,0.2758639454841614,0.39685407280921936,0.27615058422088623,0.3989877700805664,0.2754451036453247,0.4013247787952423,0.274732768535614,0.4465366303920746,0.2800084054470062,0.43701523542404175,0.2784036695957184,0.40414583683013916,0.30519071221351624,0.40085381269454956,0.3044983446598053,0.5124497413635254,0.3522791266441345,0.5009422302246094,0.34725555777549744,0.5066530704498291,0.4660392999649048,0.5201271772384644,0.45320212841033936,0.4928147494792938,0.5605201721191406,0.5198561549186707,0.5439466238021851,0.5025096535682678,0.587687611579895,0.5214768648147583,0.5670158267021179,0.49389851093292236,0.5882602334022522,0.5171293616294861,0.5699880123138428,0.49245205521583557,0.5795338153839111,0.5204488039016724,0.5616655349731445,0.6353765726089478,0.5333743691444397,0.6108132004737854,0.5232215523719788,0.5518614649772644,0.6845876574516296,0.5531037449836731,0.6653821468353271,0.5526902079582214,0.8358346223831177,0.5471827387809753,0.7862129211425781,0.576444149017334,0.8599044680595398,0.5666446089744568,0.8083764314651489,0.42932188510894775,0.8553869724273682,0.44541043043136597,0.8035593628883362
0.40082722902297974,0.2818903923034668,0.41144469380378723,0.26888373494148254,0.41579583287239075,0.26842597126960754,0.4206879138946533,0.26784154772758484,0.40914008021354675,0.26834601163864136,0.41156142950057983,0.26762932538986206,0.41459065675735474,0.26684287190437317,0.4595130383968353,0.2705296576023102,0.45280784368515015,0.27012982964515686,0.4182240068912506,0.296598345041275,0.41583651304244995,0.29646357893943787,0.5270386338233948,0.34700462222099304,0.5181742906570435,0.347937673330307,0.512304961681366,0.4627029597759247,0.5241653323173523,0.4582849144935608,0.4927528202533722,0.5582461953163147,0.5061650276184082,0.5499871373176575,0.5013384222984314,0.5843133330345154,0.5035496354103088,0.574441134929657,0.49178174138069153,0.584397554397583,0.49841737747192383,0.5762473940849304,0.49101561307907104,0.5761111378669739,0.5043033957481384,0.5682489275932312,0.624811053276062,0.5334523320198059,0.6058040261268616,0.5235226154327393,0.5474808216094971,0.6839274764060974,0.5526822805404663,0.6642313599586487,0.5504586696624756,0.8356673121452332,0.5477766990661621,0.7870668172836304,0.5731587409973145,0.8600255846977234,0.5665644407272339,0.809172511100769,0.42756304144859314,0.8557843565940857,0.44857147336006165,0.803729772567749
0.41650328040122986,0.2783461809158325,0.4248240292072296,0.26416054368019104,0.4291571378707886,0.26347818970680237,0.43384984135627747,0.26273807883262634,0.42151591181755066,0.2642439901828766,0.4234990179538727,0.2636149823665619,0.4258464276790619,0.2628980576992035,0.4741252660751343,0.26455649733543396,0.4667658507823944,0.26448389887809753,0.4343990385532379,0.2913368344306946,0.431091845035553,0.29194530844688416,0.5393218994140625,0.3412421643733978,0.5370381474494934,0.3475714921951294,0.5200697183609009,0.45775115489959717,0.5348032116889954,0.4568088948726654,0.49191516637802124,0.5539863109588623,0.5006144642829895,0.5467331409454346,0.4987347722053528,0.5787807703018188,0.4967072606086731,0.5690227150917053,0.48873427510261536,0.5780426263809204,0.4927755296230316,0.5693989396095276,0.4880099892616272,0.5706501007080078,0.4960320293903351,0.5633289217948914,0.6078593134880066,0.5338572859764099,0.599561333656311,0.5272368788719177,0.5438439249992371,0.6840788125991821,0.550326943397522,0.6643282175064087,0.546477735042572,0.8358075618743896,0.5490111112594604,0.7875896692276001,0.5670223832130432,0.8621246218681335,0.566641628742218,0.8108947277069092,0.42335888743400574,0.8557581305503845,0.4490417540073395,0.8045749664306641
0.43079668283462524,0.2743679881095886,0.4398382604122162,0.26025551557540894,0.44401663541793823,0.25958457589149475,0.4488348364830017,0.258762001991272,0.43652069568634033,0.2603148818016052,0.43795275688171387,0.259736031293869,0.4397478699684143,0.25904038548469543,0.48904702067375183,0.2610875070095062,0.4788888394832611,0.261057585477829,0.4503868520259857,0.2878839075565338,0.44641605019569397,0.2882399559020996,0.5492759943008423,0.3353818655014038,0.549898087978363,0.34374916553497314,0.5246748328208923,0.45008447766304016,0.5421051979064941,0.45216479897499084,0.49137449264526367,0.5495648980140686,0.5015295743942261,0.5431999564170837,0.49497318267822266,0.5757789015769958,0.496229887008667,0.5663465857505798,0.4846973121166229,0.5751031637191772,0.492523193359375,0.5675327181816101,0.48483818769454956,0.5674349665641785,0.4955264627933502,0.5605743527412415,0.5952085852622986,0.5339953303337097,0.5915732979774475,0.5301865935325623,0.5424801707267761,0.6841780543327332,0.5511741042137146,0.6645954251289368,0.5468080043792725,0.8343925476074219,0.550350546836853,0.7863621115684509,0.5673320293426514,0.8622897863388062,0.5676775574684143,0.808851957321167,0.42369046807289124,0.8554981350898743,0.4481237530708313,0.8052040934562683
0.4468550384044647,0.2699969410896301,0.45733731985092163,0.25564688444137573,0.4612756073474884,0.2551938593387604,0.4656095504760742,0.2546382546424866,0.4539031982421875,0.2556159496307373,0.45549705624580383,0.25508609414100647,0.45737606287002563,0.2544625401496887,0.5024766325950623,0.25792571902275085,0.49442625045776367,0.25746506452560425,0.46525904536247253,0.2834131419658661,0.4615027904510498,0.2836349606513977,0.5566149950027466,0.33245402574539185,0.5682393908500671,0.33914613723754883,0.5286405086517334,0.44767555594444275,0.5546601414680481,0.4495070278644562,0.49057459831237793,0.5476654767990112,0.5065373182296753,0.5422765016555786,0.49024754762649536,0.5737943053245544,0.49715089797973633,0.5647107362747192,0.48069509863853455,0.5733065009117126,0.4937826693058014,0.5671581625938416,0.4816741943359375,0.565682053565979,0.49639418721199036,0.5606237649917603,0.5841645002365112,0.5356874465942383,0.5847870707511902,0.5337943434715271,0.5425959229469299,0.6853418946266174,0.5501677393913269,0.6653987765312195,0.543847382068634,0.8338711857795715,0.5505084991455078,0.7822105884552002,0.5658860802650452,0.8621500730514526,0.5677623748779297,0.8003242015838623,0.42403119802474976,0.8547400832176208,0.450404554605484,0.8008791208267212
0.4540617763996124,0.2677379846572876,0.4661549925804138,0.2525213062763214,0.47091299295425415,0.25206485390663147,0.4760908782482147,0.2515266239643097,0.46161088347435,0.2524961829185486,0.4629457890987396,0.25206488370895386,0.46477821469306946,0.2514830529689789,0.5109501481056213,0.25567877292633057,0.4992593824863434,0.25483080744743347,0.4733451008796692,0.28175777196884155,0.46839433908462524,0.28187116980552673,0.5622331500053406,0.33287695050239563,0.5701496005058289,0.33849799633026123,0.5310033559799194,0.4460460841655731,0.5555279850959778,0.44725218415260315,0.4896974265575409,0.5459651947021484,0.5187080502510071,0.5394680500030518,0.4863772988319397,0.5727596282958984,0.5082007646560669,0.5622798800468445,0.47772544622421265,0.5735046863555908,0.5059368014335632,0.5651130676269531,0.47999781370162964,0.5653896927833557,0.5071439146995544,0.5587798953056335,0.5737704634666443,0.5382506847381592,0.5730645060539246,0.5367074608802795,0.5371330380439758,0.6879528164863586,0.5450570583343506,0.666802704334259,0.5444597601890564,0.8317404985427856,0.5505967736244202,0.781381368637085,0.5660627484321594,0.8589860796928406,0.5679559111595154,0.7969782948493958,0.4247336685657501,0.8547491431236267,0.45037564635276794,0.8007472157478333
0.4587303698062897,0.2656985819339752,0.4730852246284485,0.2501797676086426,0.47776132822036743,0.2498195469379425,0.482748806476593,0.24944476783275604,0.4685365557670593,0.25018954277038574,0.470039039850235,0.2497151643037796,0.471995085477829,0.24913081526756287,0.516209602355957,0.2539268732070923,0.5060479640960693,0.25286874175071716,0.47733262181282043,0.2792370617389679,0.47156059741973877,0.2794964015483856,0.569865345954895,0.3306454122066498,0.5669081807136536,0.33811426162719727,0.5373884439468384,0.44383278489112854,0.5518483519554138,0.4435330927371979,0.48969030380249023,0.5379800796508789,0.5212680697441101,0.5363283157348633,0.4852690100669861,0.5649911761283875,0.5088481307029724,0.5602689385414124,0.47676408290863037,0.5657135248184204,0.5066447854042053,0.5633809566497803,0.4792543649673462,0.5577043294906616,0.5078262686729431,0.5555498003959656,0.5629758238792419,0.5384027361869812,0.5615751147270203,0.5369161367416382,0.5346477031707764,0.6878554224967957,0.5394624471664429,0.6665957570075989,0.5440886616706848,0.8282402753829956,0.5507926344871521,0.7776795029640198,0.5665620565414429,0.8559284210205078,0.5685364603996277,0.7926439642906189,0.4226261377334595,0.8548976182937622,0.450372576713562,0.80018150806427
0.463706910610199,0.2642228901386261,0.4781757593154907,0.24878764152526855,0.48316797614097595,0.2485639452934265,0.4881737530231476,0.2483685314655304,0.4735860228538513,0.248726949095726,0.47519004344940186,0.24840286374092102,0.47727707028388977,0.2480042427778244,0.5220410227775574,0.2539421617984772,0.5122977495193481,0.2526054084300995,0.4829206168651581,0.27819764614105225,0.4762655198574066,0.27840155363082886,0.5793972611427307,0.3317992389202118,0.5643861889839172,0.3393028676509857,0.5435078144073486,0.44544076919555664,0.5488690137863159,0.4461175799369812,0.48796704411506653,0.5390990972518921,0.5176409482955933,0.5357984900474548,0.4816271662712097,0.5652692317962646,0.5037772059440613,0.5601657629013062,0.4717746675014496,0.5651463270187378,0.5010802149772644,0.5622785091400146,0.4740326702594757,0.557225227355957,0.5026502013206482,0.5542318224906921,0.5608200430870056,0.5390812158584595,0.5527875423431396,0.537912130355835,0.5311317443847656,0.6892073750495911,0.5358489155769348,0.6690090894699097,0.544400691986084,0.8281291723251343,0.5502025485038757,0.7789207696914673,0.5691152215003967,0.8557002544403076,0.5685571432113647,0.7937596440315247,0.4210180342197418,0.8549057841300964,0.4503515362739563,0.8031425476074219
0.47031453251838684,0.2635866701602936,0.48578768968582153,0.24889318645000458,0.49080103635787964,0.24873510003089905,0.4961511194705963,0.2485104650259018,0.4806700050830841,0.24867337942123413,0.4818457067012787,0.24841482937335968,0.48351728916168213,0.24807459115982056,0.5302028656005859,0.2541276812553406,0.517495334148407,0.2527395188808441,0.4879100024700165,0.27722832560539246,0.48080652952194214,0.277333527803421,0.5849016904830933,0.3307027816772461,0.5642163753509521,0.3391108512878418,0.5484287142753601,0.44509395956993103,0.54833984375,0.44393792748451233,0.4879521131515503,0.5397177338600159,0.5139274597167969,0.53439861536026,0.47987857460975647,0.5658562183380127,0.49658626317977905,0.5597738027572632,0.46955686807632446,0.5655590295791626,0.4943261742591858,0.5625224709510803,0.47240838408470154,0.5577918887138367,0.4976988732814789,0.5545154213905334,0.556046187877655,0.5390743017196655,0.5466488599777222,0.5376300811767578,0.5284271240234375,0.6891217827796936,0.5315548777580261,0.6689883470535278,0.5443446636199951,0.8275676369667053,0.5491438508033752,0.7784712910652161,0.568804144859314,0.8554041981697083,0.5673873424530029,0.7922637462615967,0.4220100939273834,0.8547832369804382,0.4523899257183075,0.8033410310745239
0.47314924001693726,0.2641175389289856,0.48836550116539,0.24962610006332397,0.49355340003967285,0.24946747720241547,0.49897828698158264,0.24915671348571777,0.4830564260482788,0.24939683079719543,0.4843168556690216,0.24910025298595428,0.48604816198349,0.24865199625492096,0.5343677997589111,0.25395846366882324,0.5203813910484314,0.25282105803489685,0.4912532567977905,0.27787545323371887,0.48377612233161926,0.2779347002506256,0.5914388298988342,0.3315242826938629,0.5607882142066956,0.3383614718914032,0.552534818649292,0.4461299180984497,0.5431777834892273,0.4419172406196594,0.48759371042251587,0.5387693643569946,0.5046019554138184,0.5306355953216553,0.4789069890975952,0.5658048987388611,0.488502562046051,0.5579660534858704,0.4671213924884796,0.5645373463630676,0.4866039752960205,0.5607008337974548,0.4695453345775604,0.557170033454895,0.4919932186603546,0.5527530908584595,0.5504727363586426,0.5390223860740662,0.5374565124511719,0.537472665309906,0.5259419083595276,0.6898655295372009,0.5316248536109924,0.6710067391395569,0.5411829352378845,0.8270788192749023,0.5473036170005798,0.7792105078697205,0.565816342830658,0.854343831539154,0.5666837096214294,0.7944988012313843,0.4222511053085327,0.8546208739280701,0.4520951509475708,0.8042106032371521
0.4785831570625305,0.26443856954574585,0.4938424527645111,0.2504427134990692,0.49953094124794006,0.2502341568470001,0.505431056022644,0.24989765882492065,0.4866017699241638,0.25031015276908875,0.4872156083583832,0.2500423491001129,0.4883103668689728,0.24957267940044403,0.5410839319229126,0.2544189393520355,0.5232253670692444,0.2534719407558441,0.4967998266220093,0.2779749929904938,0.487807035446167,0.27792277932167053,0.5934205651283264,0.33065035939216614,0.5580041408538818,0.33827608823776245,0.5516557097434998,0.4456523060798645,0.5291372537612915,0.44153648614883423,0.48641884326934814,0.5408797860145569,0.49574753642082214,0.5279484987258911,0.47534728050231934,0.5676578879356384,0.4801775813102722,0.5559237003326416,0.4637379050254822,0.5662234425544739,0.4764900505542755,0.5579867959022522,0.46660181879997253,0.558783233165741,0.4832686185836792,0.5502011775970459,0.5461356043815613,0.5380529165267944,0.5292941331863403,0.5368745923042297,0.5220214128494263,0.6896101236343384,0.5274854898452759,0.6712401509284973,0.5391409397125244,0.824408233165741,0.5440443158149719,0.7793439030647278,0.565430223941803,0.8511510491371155,0.5636663436889648,0.7938184142112732,0.42250216007232666,0.8542979955673218,0.4510042667388916,0.804090142250061
0.48073306679725647,0.26327183842658997,0.4959283471107483,0.2497996985912323,0.5016487240791321,0.24963586032390594,0.5073420405387878,0.24933868646621704,0.48893025517463684,0.24966055154800415,0.4896375238895416,0.24948999285697937,0.4908021092414856,0.24909839034080505,0.5429419875144958,0.25405603647232056,0.5264679789543152,0.25322073698043823,0.49866780638694763,0.2772718667984009,0.4897679090499878,0.2772061228752136,0.5969513058662415,0.3313279449939728,0.5564744472503662,0.33817556500434875,0.5531038641929626,0.44453564286231995,0.5262938737869263,0.4398392140865326,0.48631778359413147,0.5383924245834351,0.4916859269142151,0.5234423279762268,0.47543203830718994,0.5657538771629333,0.4753858149051666,0.5509588122367859,0.46210184693336487,0.5637627840042114,0.4731495976448059,0.5535529255867004,0.4646929204463959,0.556503415107727,0.47955790162086487,0.5462791919708252,0.5441114902496338,0.5372234582901001,0.5250892043113708,0.53600013256073,0.5183859467506409,0.6888240575790405,0.5263156890869141,0.6718092560768127,0.5392359495162964,0.8215962052345276,0.544278085231781,0.7786424160003662,0.5656144022941589,0.850493311882019,0.5643627643585205,0.8074666261672974,0.4224274754524231,0.8525676727294922,0.4511767625808716,0.8041488528251648
0.4820038974285126,0.2626064717769623,0.4972047507762909,0.24921560287475586,0.5028715133666992,0.2490868717432022,0.5085244178771973,0.24881894886493683,0.49052566289901733,0.2490420639514923,0.4912166893482208,0.2488706260919571,0.49231410026550293,0.24847659468650818,0.543931782245636,0.25376853346824646,0.5279930830001831,0.25285691022872925,0.49948322772979736,0.2766021490097046,0.49049508571624756,0.2766414284706116,0.6010403633117676,0.33055591583251953,0.5549525022506714,0.33794230222702026,0.5577857494354248,0.442116916179657,0.5210004448890686,0.4373232424259186,0.48637643456459045,0.535229504108429,0.4874628782272339,0.5200863480567932,0.4757676422595978,0.5638489127159119,0.46939757466316223,0.5490828156471252,0.4614402651786804,0.5616065859794617,0.4682742655277252,0.5522337555885315,0.4638298451900482,0.5542322993278503,0.4747931659221649,0.5445171594619751,0.5444176197052002,0.5367990136146545,0.5190046429634094,0.5355783700942993,0.517109215259552,0.6887626647949219,0.5208114981651306,0.6731653213500977,0.5394956469535828,0.821721613407135,0.5437552332878113,0.7796091437339783,0.5659052729606628,0.8503545522689819,0.5648214817047119,0.8071651458740234,0.4226861596107483,0.8526469469070435,0.44825834035873413,0.8103941082954407